Workbook

Sheet 1-Mar
A1: Production Output
A2: Filter: Date Completed: 01/03/25
A4: Work Order No. | B4: Work Order Line No. | C4: WO Journal Line No. | D4: Add Date | E4: Add User | F4: Add Time | G4: Material Batch No. | H4: Die Cut | I4: Process No. | J4: Posted | K4: Machine Code | L4: Staff Code | M4: No. of Press | N4: Date Started | O4: Time Started | P4: Date Completed | Q4: Time Completed | R4: No. of Ups | S4: Printed Quantity | T4: Journal Type | U4: Item Code | V4: Quantity | W4: QC Approved Quantity | X4: Rejected Quantity | Y4: Roll | Z4: Length | AA4: Width | AB4: Length UOM | AC4: Width UOM | AD4: RM Quantity | AE4: Material Code | AF4: Variant Code | AG4: Request Delivery Date | AH4: Non QC Record | AI4: Link to Line No. | AJ4: Related | AK4: Expire Date | AL4: Label Remark | AM4: Customer Part Number | AN4: Customer Code | AO4: ddmm | AP4: Label Packing Quantity 1 | AQ4: Label Quantity 1 | AR4: Label Packing Quantity 2 | AS4: Label Quantity 2 | AT4: Label Packing Quantity 3 | AU4: Label Quantity 3 | AV4: UOM for Label Printing | AW4: QC Inspector | AX4: Summarised Period | AY4: Summarised | AZ4: Posted Work Order No. | BA4: Colour | BB4: Currency | BC4: Ref Customer | BD4: Group | BE4: PO | BF4: Source Doc. No.
A5: W0672678 | B5: 10000 | C5: 40000 | D5: 45720 | E5: 502LAUGH | F5: 0.46662037 | G5: 10639931017/10639931014 | I5: 2 | J5: Yes | K5: 86 | L5: PM45 | M5: 8334 | P5: 45717 | R5: 36 | S5: 300024 | T5: PE | U5: 5180-0100-BH2120001 | V5: 0 | W5: 280379 | X5: 19645 | Y5: 0 | Z5: 0 | AA5: 0 | AD5: 0 | AM5: 5180-0100-BH212 | AN5: H08031-JIM | AP5: 0 | AQ5: 0 | AR5: 0 | AS5: 0 | AT5: 0 | AU5: 0 | AY5: No | AZ5: W662404 | BA5: 0 | BC5: H08031-JIM | BF5: S0350610
A6: W0675375 | B6: 10000 | C6: 30000 | D6: 45719 | E6: 502LAUGH | F6: 4:49:47 pm | G6: 10584752088/10584752089/10584752090/10584752091/10584752092 | I6: 3 | J6: Yes | K6: 91 | L6: QM87 | M6: 56000 | P6: 45717 | R6: 9 | S6: 504000 | T6: PE | U6: 5180-0103-BH2120001 | V6: 0 | W6: 500000 | X6: 4000 | Y6: 0 | Z6: 0 | AA6: 0 | AD6: 0 | AM6: 5180-0103-BH212 | AN6: H08031-JIM | AP6: 0 | AQ6: 0 | AR6: 0 | AS6: 0 | AT6: 0 | AU6: 0 | AY6: No | AZ6: W662929 | BA6: 0 | BC6: H08031-JIM | BF6: S0353172
A7: W0675403 | B7: 10000 | C7: 30000 | D7: 45730 | E7: 502LAUGH | F7: 8:37:26 am | G7: 10639931087/10639931085/10620258096/10620258095/10620258094 | I7: 2 | J7: Yes | K7: 86 | L7: PM45 | M7: 29723 | P7: 45717 | R7: 36 | S7: 1070028 | T7: PE | U7: 5180-0102-BH2120001 | V7: 0 | W7: 1000000 | X7: 70028 | Y7: 0 | Z7: 0 | AA7: 0 | AD7: 0 | AM7: 5180-0102-BH212 | AN7: H08031-JIM | AP7: 0 | AQ7: 0 | AR7: 0 | AS7: 0 | AT7: 0 | AU7: 0 | AY7: No | AZ7: W662931 | BA7: 0 | BC7: H08031-JIM | BF7: S0353204
A8: W0678396 | B8: 10000 | C8: 20000 | D8: 45719 | E8: 502LAUGH | F8: 9:00:27 am | G8: SG-564141001 | I8: 1 | J8: Yes | K8: 73 | L8: PM59 | M8: 24000 | P8: 45717 | R8: 12 | S8: 288000 | T8: PE | U8: 80256220001 | V8: 0 | W8: 288000 | X8: 0 | Y8: 0 | Z8: 0 | AA8: 0 | AD8: 0 | AM8: 8025622 | AN8: B02083 | AP8: 0 | AQ8: 0 | AR8: 0 | AS8: 0 | AT8: 0 | AU8: 0 | AY8: No | AZ8: W662946 | BA8: 0 | BC8: B02083 | BF8: S0357120
A9: W0678397 | B9: 10000 | C9: 10000 | D9: 45719 | E9: 505KANGHS | F9: 8:39:41 am | G9: SG-564141001 | I9: 1 | J9: Yes | K9: 73N | L9: PM18 | M9: 36000 | P9: 45717 | R9: 12 | S9: 432000 | T9: PE | U9: 80256220001 | V9: 0 | W9: 432000 | X9: 0 | Y9: 0 | Z9: 0 | AA9: 0 | AD9: 0 | AM9: 8025622 | AN9: B02083 | AP9: 0 | AQ9: 0 | AR9: 0 | AS9: 0 | AT9: 0 | AU9: 0 | AY9: No | AZ9: W663294 | BA9: 0 | BC9: B02083 | BF9: S0357121
A10: W0678636 | B10: 10000 | C10: 30000 | D10: 45719 | E10: 502LAUGH | F10: 8:54:11 am | G10: D007Y0190/D006A5780/D007Y0190 | I10: 3 | J10: Yes | K10: 101 | L10: QM54 | M10: 34000 | P10: 45717 | R10: 3 | S10: 102000 | T10: PE | U10: 1VU26-80043-FT0001 | V10: 0 | W10: 110000 | X10: -8000 | Y10: 0 | Z10: 0 | AA10: 0 | AD10: 0 | AM10: 1VU26-80043-FT | AN10: H08031-JIM-M | AP10: 0 | AQ10: 0 | AR10: 0 | AS10: 0 | AT10: 0 | AU10: 0 | AY10: No | AZ10: W661939 | BA10: 0 | BC10: H08031-JIM-M | BF10: S0357400
A11: W0679261 | B11: 10000 | C11: 10000 | D11: 45719 | E11: 502LAUGH | F11: 8:40:28 am | G11: 4103018U5A | I11: 1 | J11: Yes | K11: 46 | L11: PS66 | M11: 4000 | P11: 45717 | R11: 1 | S11: 4000 | T11: PE | U11: 260-6403-000001 | V11: 0 | W11: 4000 | X11: 0 | Y11: 0 | Z11: 0 | AA11: 0 | AD11: 0 | AM11: 260-6403-00 | AN11: J10025 | AP11: 0 | AQ11: 0 | AR11: 0 | AS11: 0 | AT11: 0 | AU11: 0 | AY11: No | AZ11: W662152 | BA11: 0 | BC11: J10025 | BF11: S0357888
A12: W0679265 | B12: 10000 | C12: 30000 | D12: 45721 | E12: 502LAUGH | F12: 2:58:25 pm | G12: 4103018U5A | I12: 1 | J12: Yes | K12: 46 | L12: PS66 | M12: 2000 | P12: 45717 | R12: 1 | S12: 2000 | T12: PE | U12: 260-6482-000001 | V12: 0 | W12: 2000 | X12: 0 | Y12: 0 | Z12: 0 | AA12: 0 | AD12: 0 | AM12: 260-6482-00 | AN12: J10025 | AP12: 0 | AQ12: 0 | AR12: 0 | AS12: 0 | AT12: 0 | AU12: 0 | AY12: No | AZ12: W662205 | BA12: 0 | BC12: J10025 | BF12: S0357888
A13: W0679360 | B13: 10000 | C13: 20000 | D13: 45720 | E13: 502LAUGH | F13: 8:37:07 am | G13: D005I8320/D00676710 | I13: 2 | J13: Yes | K13: 77 | L13: PM74 | M13: 10600 | P13: 45717 | R13: 10 | S13: 106000 | T13: PE | U13: 6ZE06-80002-FT0001 | V13: 0 | W13: 100000 | X13: 6000 | Y13: 0 | Z13: 0 | AA13: 0 | AD13: 0 | AM13: 6ZE06-80002-FT | AN13: H08031-JIM-M | AP13: 0 | AQ13: 0 | AR13: 0 | AS13: 0 | AT13: 0 | AU13: 0 | AY13: No | AZ13: W662154 | BA13: 0 | BC13: H08031-JIM-M | BF13: S0358096
A14: W0679476 | B14: 10000 | C14: 20000 | D14: 45719 | E14: 502LAUGH | F14: 8:45:36 am | G14: J00T59660 | I14: 2 | J14: Yes | K14: 71 | L14: PS95 | M14: 4167 | P14: 45717 | R14: 6 | S14: 25002 | T14: PE | U14: 86090880001 | V14: 0 | W14: 25000 | X14: 2 | Y14: 0 | Z14: 0 | AA14: 0 | AD14: 0 | AM14: 8609088 | AN14: B02083 | AP14: 0 | AQ14: 0 | AR14: 0 | AS14: 0 | AT14: 0 | AU14: 0 | AY14: No | AZ14: W661986 | BA14: 0 | BC14: B02083 | BF14: S0358239
A15: W0679477 | B15: 10000 | C15: 20000 | D15: 45719 | E15: 502LAUGH | F15: 8:47:06 am | G15: J00T59660 | I15: 2 | J15: Yes | K15: 71 | L15: PS95 | M15: 1667 | P15: 45717 | R15: 6 | S15: 10002 | T15: PE | U15: 86090890001 | V15: 0 | W15: 10000 | X15: 2 | Y15: 0 | Z15: 0 | AA15: 0 | AD15: 0 | AM15: 8609089 | AN15: B02083 | AP15: 0 | AQ15: 0 | AR15: 0 | AS15: 0 | AT15: 0 | AU15: 0 | AY15: No | AZ15: W661987 | BA15: 0 | BC15: B02083 | BF15: S0358239
A16: W0679478 | B16: 10000 | C16: 20000 | D16: 45719 | E16: 502LAUGH | F16: 8:46:22 am | G16: J00T59660 | I16: 2 | J16: Yes | K16: 71 | L16: PS95 | M16: 1667 | P16: 45717 | R16: 6 | S16: 10002 | T16: PE | U16: 86090900001 | V16: 0 | W16: 10000 | X16: 2 | Y16: 0 | Z16: 0 | AA16: 0 | AD16: 0 | AM16: 8609090 | AN16: B02083 | AP16: 0 | AQ16: 0 | AR16: 0 | AS16: 0 | AT16: 0 | AU16: 0 | AY16: No | AZ16: W661988 | BA16: 0 | BC16: B02083 | BF16: S0358239
A17: W0679521 | B17: 10000 | C17: 20000 | D17: 45719 | E17: 502LAUGH | F17: 3:36:54 pm | G17: D00676710/D005I8320 | I17: 2 | J17: Yes | K17: 77 | L17: PM74 | M17: 18500 | P17: 45717 | R17: 10 | S17: 185000 | T17: PE | U17: 6ZE04-80002-FT0001 | V17: 0 | W17: 175000 | X17: 10000 | Y17: 0 | Z17: 0 | AA17: 0 | AD17: 0 | AM17: 6ZE04-80002-FT | AN17: H08031-JIM-M | AP17: 0 | AQ17: 0 | AR17: 0 | AS17: 0 | AT17: 0 | AU17: 0 | AY17: No | AZ17: W662155 | BA17: 0 | BC17: H08031-JIM-M | BF17: S0358297
A18: W0679579 | B18: 10000 | C18: 10000 | D18: 45719 | E18: 502LAUGH | F18: 9:12:20 am | G18: 5305412-04-02-06/5305412-04-03-01/5305412-04-03-03 | I18: 1 | J18: Yes | K18: 90 | L18: QC04 | M18: 27000 | P18: 45717 | R18: 2 | S18: 54000 | T18: PE | U18: 723852900-PROTO 0001 | V18: 0 | W18: 54000 | X18: 0 | Y18: 0 | Z18: 0 | AA18: 0 | AD18: 0 | AM18: 723852900-PROTO D | AN18: S19314 | AP18: 0 | AQ18: 0 | AR18: 0 | AS18: 0 | AT18: 0 | AU18: 0 | AY18: No | AZ18: W662206 | BA18: 0 | BC18: S19314 | BF18: H0064583
A19: W0679612 | B19: 10000 | C19: 30000 | D19: 45719 | E19: 502LAUGH | F19: 8:50:40 am | G19: 40085H051 | I19: 2 | J19: Yes | K19: 60 | L19: PM17 | M19: 5000 | P19: 45717 | R19: 1 | S19: 5000 | T19: PE | U19: FRAGILE LABEL0004 | V19: 0 | W19: 3378 | X19: 1622 | Y19: 0 | Z19: 0 | AA19: 0 | AD19: 0 | AM19: FRAGILE LABEL | AN19: M13367 | AP19: 0 | AQ19: 0 | AR19: 0 | AS19: 0 | AT19: 0 | AU19: 0 | AY19: No | AZ19: W662011 | BA19: 0 | BC19: M13367 | BF19: S0358328
A20: W0679666 | B20: 10000 | C20: 10000 | D20: 45720 | E20: 502LAUGH | F20: 4:03:05 pm | G20: E0801904/M0BSO4480 | I20: 1 | J20: Yes | K20: 87 | L20: PM14 | M20: 20250 | P20: 45717 | R20: 2 | S20: 40500 | T20: PE | U20: 762070100 REVA0001 | V20: 0 | W20: 40500 | X20: 0 | Y20: 0 | Z20: 0 | AA20: 0 | AD20: 0 | AM20: 762070100 REVA | AN20: S19081-TH | AP20: 0 | AQ20: 0 | AR20: 0 | AS20: 0 | AT20: 0 | AU20: 0 | AY20: No | AZ20: W662136 | BA20: 0 | BC20: S19081-TH | BF20: H0064623
A21: W0679688 | B21: 10000 | C21: 10000 | D21: 45719 | E21: 502LAUGH | F21: 8:57:51 am | G21: SG-5630465 | I21: 1 | J21: Yes | K21: 59 | L21: PM09 | M21: 258 | P21: 45717 | R21: 4 | S21: 1032 | T21: PE | U21: 112887750001 | V21: 0 | W21: 1030 | X21: 2 | Y21: 0 | Z21: 0 | AA21: 0 | AD21: 0 | AM21: 11288775 | AN21: I09180 | AP21: 0 | AQ21: 0 | AR21: 0 | AS21: 0 | AT21: 0 | AU21: 0 | AY21: No | AZ21: W662016 | BA21: 0 | BC21: I09180 | BF21: S0358363
A22: W0679753 | B22: 10000 | C22: 10000 | D22: 45719 | E22: 502LAUGH | F22: 8:59:11 am | G22: G2329005 | I22: 1 | J22: Yes | K22: 78 | L22: PM84 | M22: 1667 | P22: 45717 | R22: 3 | S22: 5001 | T22: PE | U22: 0098-85000001 | V22: 0 | W22: 5000 | X22: 1 | Y22: 0 | Z22: 0 | AA22: 0 | AD22: 0 | AM22: C02-0098-8500 | AN22: G07042-M | AP22: 0 | AQ22: 0 | AR22: 0 | AS22: 0 | AT22: 0 | AU22: 0 | AY22: No | AZ22: W662023 | BA22: 0 | BC22: G07042-M | BF22: S0358422
A23: W0679913 | B23: 10000 | C23: 10000 | D23: 45719 | E23: 502LAUGH | F23: 5:19:21 pm | G23: 4111523U5A/4111522U5A/4111521U5A | I23: 1 | J23: Yes | K23: 61 | L23: PM61 | M23: 8334 | P23: 45717 | R23: 6 | S23: 50004 | T23: PE | U23: 260-6012-000001 | V23: 0 | W23: 50000 | X23: 4 | Y23: 0 | Z23: 0 | AA23: 0 | AD23: 0 | AM23: 260-6012-00 | AN23: J10025 | AP23: 0 | AQ23: 0 | AR23: 0 | AS23: 0 | AT23: 0 | AU23: 0 | AY23: No | AZ23: W662213 | BA23: 0 | BC23: J10025 | BF23: S0358486
A24: W0680071 | B24: 10000 | C24: 10000 | D24: 45719 | E24: 502LAUGH | F24: 8:59:11 am | G24: 4071802U5 | I24: 1 | J24: Yes | K24: 78 | L24: PM84 | M24: 6000 | P24: 45717 | R24: 1 | S24: 6000 | T24: PE | U24: 807192 REV 4000001 | V24: 0 | W24: 6000 | X24: 0 | Y24: 0 | Z24: 0 | AA24: 0 | AD24: 0 | AM24: 807192 REV 400 | AN24: V22000 | AP24: 0 | AQ24: 0 | AR24: 0 | AS24: 0 | AT24: 0 | AU24: 0 | AY24: No | AZ24: W662037 | BA24: 0 | BC24: V22000 | BF24: S0358750
A25: W0680094 | B25: 10000 | C25: 20000 | D25: 45719 | E25: 502LAUGH | F25: 8:44:51 am | G25: J00T59660 | I25: 2 | J25: Yes | K25: 71 | L25: PS95 | M25: 1667 | P25: 45717 | R25: 6 | S25: 10002 | T25: PE | U25: 80834720001 | V25: 0 | W25: 10000 | X25: 2 | Y25: 0 | Z25: 0 | AA25: 0 | AD25: 0 | AM25: 8083472 | AN25: B02083 | AP25: 0 | AQ25: 0 | AR25: 0 | AS25: 0 | AT25: 0 | AU25: 0 | AY25: No | AZ25: W662040 | BA25: 0 | BC25: B02083 | BF25: S0358764
A26: W0680240 | B26: 10000 | C26: 10000 | D26: 45719 | E26: 502LAUGH | F26: 8:36:45 am | G26: U3B12S049 | I26: 61 | J26: Yes | K26: 61 | L26: PM68 | M26: 1250 | P26: 45717 | R26: 8 | S26: 10000 | T26: PE | U26: 039714 REV5000001 | V26: 0 | W26: 10000 | X26: 0 | Y26: 0 | Z26: 0 | AA26: 0 | AD26: 0 | AM26: 039714 REV500 | AN26: V22000 | AP26: 0 | AQ26: 0 | AR26: 0 | AS26: 0 | AT26: 0 | AU26: 0 | AY26: No | AZ26: W662051 | BA26: 0 | BC26: V22000 | BF26: S0359014
A27: W0680267 | B27: 10000 | C27: 10000 | D27: 45719 | E27: 502LAUGH | F27: 8:56:30 am | G27: SG-5630465 | I27: 1 | J27: Yes | K27: 59 | L27: PM09 | M27: 2130 | P27: 45717 | R27: 2 | S27: 4260 | T27: PE | U27: 150281190001 | V27: 0 | W27: 4260 | X27: 0 | Y27: 0 | Z27: 0 | AA27: 0 | AD27: 0 | AM27: 15028119 | AN27: I09180 | AP27: 0 | AQ27: 0 | AR27: 0 | AS27: 0 | AT27: 0 | AU27: 0 | AY27: No | AZ27: W662053 | BA27: 0 | BC27: I09180 | BF27: S0359039
A28: W0680274 | B28: 10000 | C28: 30000 | D28: 45720 | E28: 502LAUGH | F28: 8:34:26 am | G28: SG-5641511-01 | I28: 3 | J28: Yes | K28: 73 | L28: PS96 | M28: 207000 | P28: 45717 | R28: 1 | S28: 207000 | T28: PE | U28: 150370360001 | V28: 0 | W28: 122826 | X28: 84174 | Y28: 0 | Z28: 0 | AA28: 0 | AD28: 0 | AM28: 15037036 | AN28: I09180 | AP28: 0 | AQ28: 0 | AR28: 0 | AS28: 0 | AT28: 0 | AU28: 0 | AY28: No | AZ28: W662218 | BA28: 0 | BC28: I09180 | BF28: S0359046
A29: W0680344 | B29: 10000 | C29: 20000 | D29: 45719 | E29: 502LAUGH | F29: 8:49:12 am | G29: J00T59660 | I29: 2 | J29: Yes | K29: 71 | L29: PS95 | M29: 834 | P29: 45717 | R29: 6 | S29: 5004 | T29: PE | U29: 5000582250001 | V29: 0 | W29: 5000 | X29: 4 | Y29: 0 | Z29: 0 | AA29: 0 | AD29: 0 | AM29: 500058225 | AN29: B02083 | AP29: 0 | AQ29: 0 | AR29: 0 | AS29: 0 | AT29: 0 | AU29: 0 | AY29: No | AZ29: W662063 | BA29: 0 | BC29: B02083 | BF29: S0359167
A30: W0680345 | B30: 10000 | C30: 20000 | D30: 45719 | E30: 502LAUGH | F30: 8:48:34 am | G30: J00T59660 | I30: 2 | J30: Yes | K30: 71 | L30: PS95 | M30: 834 | P30: 45717 | R30: 6 | S30: 5004 | T30: PE | U30: 5000596240001 | V30: 0 | W30: 5000 | X30: 4 | Y30: 0 | Z30: 0 | AA30: 0 | AD30: 0 | AM30: 500059624 | AN30: B02083 | AP30: 0 | AQ30: 0 | AR30: 0 | AS30: 0 | AT30: 0 | AU30: 0 | AY30: No | AZ30: W662064 | BA30: 0 | BC30: B02083 | BF30: S0359167
A31: W0680450 | B31: 10000 | C31: 20000 | D31: 45719 | E31: 505KANGHS | F31: 8:33:33 am | G31: SG-5642459-01 | I31: 2 | J31: Yes | K31: 86 | L31: PM45 | M31: 1400 | P31: 45717 | R31: 1 | S31: 1400 | T31: PE | U31: P4U01160001 | V31: 0 | W31: 1000 | X31: 400 | Y31: 0 | Z31: 0 | AA31: 0 | AD31: 0 | AM31: P4U0116 | AN31: H08220 | AP31: 0 | AQ31: 0 | AR31: 0 | AS31: 0 | AT31: 0 | AU31: 0 | AY31: No | AZ31: W662177 | BA31: 0 | BC31: H08220 | BF31: S0359243
A32: W0680593 | B32: 10000 | C32: 10000 | D32: 45719 | E32: 502LAUGH | F32: 5:36:36 pm | G32: M0BTH2381 | I32: 1 | J32: Yes | K32: 29 | L32: PS70 | M32: 24000 | P32: 45717 | R32: 2 | S32: 48000 | T32: PE | U32: 100823881-75367 0001 | V32: 0 | W32: 48000 | X32: 0 | Y32: 0 | Z32: 0 | AA32: 0 | AD32: 0 | AM32: 100823881-75367 A | AN32: S19081-TH | AP32: 0 | AQ32: 0 | AR32: 0 | AS32: 0 | AT32: 0 | AU32: 0 | AY32: No | AZ32: W663026 | BA32: 0 | BC32: S19081-TH | BF32: H0064686
A33: W0680743 | B33: 10000 | C33: 10000 | D33: 45719 | E33: 502LAUGH | F33: 8:56:30 am | G33: SG-5630465 | I33: 1 | J33: Yes | K33: 59 | L33: PM09 | M33: 258 | P33: 45717 | R33: 4 | S33: 1032 | T33: PE | U33: 112887410001 | V33: 0 | W33: 1030 | X33: 2 | Y33: 0 | Z33: 0 | AA33: 0 | AD33: 0 | AM33: 11288741 | AN33: I09180 | AP33: 0 | AQ33: 0 | AR33: 0 | AS33: 0 | AT33: 0 | AU33: 0 | AY33: No | AZ33: W662078 | BA33: 0 | BC33: I09180 | BF33: S0359857
A36: =COUNTA(A5:A33) -> 29

Sheet 3_Mar
A1: Production Output
A2: Filter: Date Completed: 03/03/25
A4: Work Order No. | B4: Work Order Line No. | C4: WO Journal Line No. | D4: Add Date | E4: Add User | F4: Add Time | G4: Material Batch No. | H4: Die Cut | I4: Process No. | J4: Posted | K4: Machine Code | L4: Staff Code | M4: No. of Press | N4: Date Started | O4: Time Started | P4: Date Completed | Q4: Time Completed | R4: No. of Ups | S4: Printed Quantity | T4: Journal Type | U4: Item Code | V4: Quantity | W4: QC Approved Quantity | X4: Rejected Quantity | Y4: Roll | Z4: Length | AA4: Width | AB4: Length UOM | AC4: Width UOM | AD4: RM Quantity | AE4: Material Code | AF4: Variant Code | AG4: Request Delivery Date | AH4: Non QC Record | AI4: Link to Line No. | AJ4: Related | AK4: Expire Date | AL4: Label Remark | AM4: Customer Part Number | AN4: Customer Code | AO4: ddmm | AP4: Label Packing Quantity 1 | AQ4: Label Quantity 1 | AR4: Label Packing Quantity 2 | AS4: Label Quantity 2 | AT4: Label Packing Quantity 3 | AU4: Label Quantity 3 | AV4: UOM for Label Printing | AW4: QC Inspector | AX4: Summarised Period | AY4: Summarised | AZ4: Posted Work Order No. | BA4: Colour | BB4: Currency | BC4: Ref Customer | BD4: Group | BE4: PO | BF4: Source Doc. No.
A5: W0667474 | B5: 10000 | C5: 10000 | D5: 45719 | E5: 502LAUGH | F5: 5:20:26 pm | G5: E04H968101524 | I5: 1 | J5: Yes | K5: 86 | L5: PM45 | M5: 632 | P5: 45719 | R5: 8 | S5: 5056 | T5: PE | U5: 10051353053 REVF0001 | V5: 0 | W5: 5050 | X5: 6 | Y5: 0 | Z5: 0 | AA5: 0 | AD5: 0 | AM5: 10051353053 REVF | AN5: E05166 | AP5: 0 | AQ5: 0 | AR5: 0 | AS5: 0 | AT5: 0 | AU5: 0 | AY5: No | AZ5: W661922 | BA5: 0 | BC5: E05166 | BF5: S0345943
A6: W0672678 | B6: 10000 | C6: 60000 | D6: 45720 | E6: 502LAUGH | F6: 0.46662037 | G6: 10639931017/10639931014 | I6: 3 | J6: Yes | K6: 91 | L6: QM87 | M6: 36000 | P6: 45719 | R6: 9 | S6: 324000 | T6: PE | U6: 5180-0100-BH2120001 | V6: 0 | W6: 321429 | X6: 2571 | Y6: 0 | Z6: 0 | AA6: 0 | AD6: 0 | AM6: 5180-0100-BH212 | AN6: H08031-JIM | AP6: 0 | AQ6: 0 | AR6: 0 | AS6: 0 | AT6: 0 | AU6: 0 | AY6: No | AZ6: W662404 | BA6: 0 | BC6: H08031-JIM | BF6: S0350610
A7: W0673664 | B7: 10000 | C7: 10000 | D7: 45719 | E7: 505KANGHS | F7: 8:39:41 am | G7: D00636982 | I7: 1 | J7: Yes | K7: 65 | L7: PMJ7 | M7: 18000 | P7: 45719 | R7: 12 | S7: 216000 | T7: PE | U7: R630-401 REV2.00001 | V7: 0 | W7: 216000 | X7: 0 | Y7: 0 | Z7: 0 | AA7: 0 | AD7: 0 | AM7: R630-401 REV2.0 | AN7: R18131 | AP7: 0 | AQ7: 0 | AR7: 0 | AS7: 0 | AT7: 0 | AU7: 0 | AY7: No | AZ7: W662196 | BA7: 0 | BC7: R18131 | BF7: S0351464
A8: W0674490 | B8: 10000 | C8: 20000 | D8: 45720 | E8: 502LAUGH | F8: 3:06:08 pm | G8: PO2512640 | I8: 1 | J8: Yes | K8: 60 | L8: PM30 | M8: 6000 | P8: 45719 | R8: 1 | S8: 6000 | T8: PE | U8: G11-4600-040001 | V8: 0 | W8: 6000 | X8: 0 | Y8: 0 | Z8: 0 | AA8: 0 | AD8: 0 | AM8: G11-4600-04 | AN8: Z26005 | AP8: 0 | AQ8: 0 | AR8: 0 | AS8: 0 | AT8: 0 | AU8: 0 | AY8: No | AZ8: W662138 | BA8: 0 | BC8: Z26005 | BF8: S0352625
A9: W0674926 | B9: 10000 | C9: 20000 | D9: 45719 | E9: 502LAUGH | F9: 5:16:19 pm | G9: J00T40250/J00U09620 | I9: 1 | J9: Yes | K9: 111 | L9: PM46 | M9: 15000 | P9: 45719 | R9: 10 | S9: 150000 | T9: PE | U9: Z512-M0001 | V9: 0 | W9: 150000 | X9: 0 | Y9: 0 | Z9: 0 | AA9: 0 | AD9: 0 | AM9: Z512-M | AN9: R18131-MEIBAN MICRO | AP9: 0 | AQ9: 0 | AR9: 0 | AS9: 0 | AT9: 0 | AU9: 0 | AY9: No | AZ9: W662407 | BA9: 0 | BC9: R18131-MEIBAN MICRO | BF9: S0352982
A10: W0675399 | B10: 10000 | C10: 20000 | D10: 45749 | E10: 502LAUGH | F10: 2:18:31 pm | G10: 10639931053/10639931059/10639931056/10639931055 | I10: 1 | J10: Yes | K10: 79N | L10: PM21 | M10: 10093 | P10: 45719 | R10: 108 | S10: 1090044 | T10: PE | U10: 5180-0100-BH2120001 | V10: 0 | W10: 1000000 | X10: 90044 | Y10: 0 | Z10: 0 | AA10: 0 | AD10: 0 | AM10: 5180-0100-BH212 | AN10: H08031-JIM | AP10: 0 | AQ10: 0 | AR10: 0 | AS10: 0 | AT10: 0 | AU10: 0 | AY10: No | AZ10: W664068 | BA10: 0 | BC10: H08031-JIM | BF10: S0353202
A11: W0676465 | B11: 10000 | C11: 10000 | D11: 45723 | E11: 502LAUGH | F11: 0.47342593 | G11: J00T59660/J00V80140/J00U09620/J00T40250 | I11: 1 | J11: Yes | K11: 111 | L11: PM46 | M11: 60000 | P11: 45719 | R11: 10 | S11: 600000 | T11: PE | U11: Z512-M0001 | V11: 0 | W11: 600000 | X11: 0 | Y11: 0 | Z11: 0 | AA11: 0 | AD11: 0 | AM11: Z512-M | AN11: R18131-MEIBAN MICRO | AP11: 0 | AQ11: 0 | AR11: 0 | AS11: 0 | AT11: 0 | AU11: 0 | AY11: No | AZ11: W662488 | BA11: 0 | BC11: R18131-MEIBAN MICRO | BF11: S0354833
A12: W0676697 | B12: 10000 | C12: 10000 | D12: 45719 | E12: 502LAUGH | F12: 5:20:26 pm | G12: J00T40070 | I12: 1 | J12: Yes | K12: 73 | L12: PM59 | M12: 10500 | P12: 45719 | R12: 8 | S12: 84000 | T12: PE | U12: R001-41074 REV1.0001 | V12: 0 | W12: 84000 | X12: 0 | Y12: 0 | Z12: 0 | AA12: 0 | AD12: 0 | AM12: R001-41074 REV1.0 | AN12: R18131 | AP12: 0 | AQ12: 0 | AR12: 0 | AS12: 0 | AT12: 0 | AU12: 0 | AY12: No | AZ12: W661927 | BA12: 0 | BC12: R18131 | BF12: S0354948
A13: W0676972 | B13: 10000 | C13: 10000 | D13: 45719 | E13: 505KANGHS | F13: 8:35:45 am | G13: SG-5630465 | I13: 1 | J13: Yes | K13: 59 | L13: PM09 | M13: 4150 | P13: 45719 | R13: 2 | S13: 8300 | T13: PE | U13: 112887240001 | V13: 0 | W13: 8300 | X13: 0 | Y13: 0 | Z13: 0 | AA13: 0 | AD13: 0 | AM13: 11288724 | AN13: I09180-US | AP13: 0 | AQ13: 0 | AR13: 0 | AS13: 0 | AT13: 0 | AU13: 0 | AY13: No | AZ13: W661929 | BA13: 0 | BC13: I09180-US | BF13: S0355330
A14: W0677057 | B14: 10000 | C14: 10000 | D14: 45728 | E14: 502LAUGH | F14: 8:47:17 am | G14: 1000221/1000219/80116793/1012643/XHX24A13A0809/XHX2412190201 | I14: 1 | J14: Yes | K14: 103N | L14: PM41 | M14: 39375 | P14: 45719 | R14: 8 | S14: 315000 | T14: PE | U14: MT273730001 | V14: 0 | W14: 315000 | X14: 0 | Y14: 0 | Z14: 0 | AA14: 0 | AD14: 0 | AM14: MT27373 | AN14: Z26002 | AP14: 0 | AQ14: 0 | AR14: 0 | AS14: 0 | AT14: 0 | AU14: 0 | AY14: No | AZ14: W662937 | BA14: 0 | BC14: Z26002 | BF14: S0355389
A15: W0678631 | B15: 10000 | C15: 30000 | D15: 45719 | E15: 502LAUGH | F15: 1:07:37 pm | G15: 10639931080/10639931079 | I15: 3 | J15: Yes | K15: 85 | L15: QM78 | M15: 36364 | P15: 45719 | R15: 11 | S15: 400004 | T15: PE | U15: 3YM56-80009-FT0001 | V15: 0 | W15: 400000 | X15: 4 | Y15: 0 | Z15: 0 | AA15: 0 | AD15: 0 | AM15: 3YM56-80009-FT | AN15: H08031-JIM-M | AP15: 0 | AQ15: 0 | AR15: 0 | AS15: 0 | AT15: 0 | AU15: 0 | AY15: No | AZ15: W662413 | BA15: 0 | BC15: H08031-JIM-M | BF15: S0357398
A16: W0678841 | B16: 10000 | C16: 30000 | D16: 45719 | E16: 502LAUGH | F16: 0.46189815 | G16: D007Y0330 | I16: 3 | J16: Yes | K16: 101 | L16: QM54 | M16: 6667 | P16: 45719 | R16: 3 | S16: 20001 | T16: PE | U16: 1VV05-80009-FT0001 | V16: 0 | W16: 20000 | X16: 1 | Y16: 0 | Z16: 0 | AA16: 0 | AD16: 0 | AM16: 1VV05-80009-FT | AN16: H08031-JIM-M | AP16: 0 | AQ16: 0 | AR16: 0 | AS16: 0 | AT16: 0 | AU16: 0 | AY16: No | AZ16: W661960 | BA16: 0 | BC16: H08031-JIM-M | BF16: S0357549
A17: W0679142 | B17: 10000 | C17: 10000 | D17: 45719 | E17: 502LAUGH | F17: 5:16:47 pm | G17: SG-5637720-01 | I17: 1 | J17: Yes | K17: 82 | L17: PM11 | M17: 6667 | P17: 45719 | R17: 15 | S17: 100005 | T17: PE | U17: BL-63.5X30MM0001 | V17: 0 | W17: 100000 | X17: 5 | Y17: 0 | Z17: 0 | AA17: 0 | AD17: 0 | AM17: M10009SGT | AN17: B02083 | AP17: 0 | AQ17: 0 | AR17: 0 | AS17: 0 | AT17: 0 | AU17: 0 | AY17: No | AZ17: W662148 | BA17: 0 | BC17: B02083 | BF17: S0357815
A18: W0679255 | B18: 10000 | C18: 10000 | D18: 45720 | E18: 502LAUGH | F18: 8:53:37 am | G18: 4103023U5 | I18: 1 | J18: Yes | K18: 46 | L18: PS66 | M18: 3000 | P18: 45719 | R18: 1 | S18: 3000 | T18: PE | U18: 250-6174-000001 | V18: 0 | W18: 3000 | X18: 0 | Y18: 0 | Z18: 0 | AA18: 0 | AD18: 0 | AM18: 250-6174-00 | AN18: J10025 | AP18: 0 | AQ18: 0 | AR18: 0 | AS18: 0 | AT18: 0 | AU18: 0 | AY18: No | AZ18: W662149 | BA18: 0 | BC18: J10025 | BF18: S0357887
A19: W0679262 | B19: 10000 | C19: 10000 | D19: 45719 | E19: 502LAUGH | F19: 5:18:29 pm | G19: 4103018U5A | I19: 1 | J19: Yes | K19: 46 | L19: PS66 | M19: 4000 | P19: 45719 | R19: 1 | S19: 4000 | T19: PE | U19: 260-6407-000001 | V19: 0 | W19: 4000 | X19: 0 | Y19: 0 | Z19: 0 | AA19: 0 | AD19: 0 | AM19: 260-6407-00 | AN19: J10025 | AP19: 0 | AQ19: 0 | AR19: 0 | AS19: 0 | AT19: 0 | AU19: 0 | AY19: No | AZ19: W662153 | BA19: 0 | BC19: J10025 | BF19: S0357888
A20: W0679320 | B20: 10000 | C20: 20000 | D20: 45719 | E20: 505KANGHS | F20: 8:34:54 am | G20: 4103001U5/4103002U5 | I20: 1 | J20: Yes | K20: 94 | L20: PS19 | M20: 3000 | P20: 45719 | R20: 4 | S20: 12000 | T20: PE | U20: 0B49100 REVAA0001 | V20: 0 | W20: 6000 | X20: 6000 | Y20: 0 | Z20: 0 | AA20: 0 | AD20: 0 | AM20: 0B49100 REVAA | AN20: W23041-TH | AP20: 0 | AQ20: 0 | AR20: 0 | AS20: 0 | AT20: 0 | AU20: 0 | AY20: No | AZ20: W662434 | BA20: 0 | BC20: W23041-TH | BF20: H0064549
A21: W0679327 | B21: 10000 | C21: 30000 | D21: 45719 | E21: 502LAUGH | F21: 0.46121528 | G21: D007Y0330 | I21: 3 | J21: Yes | K21: 101 | L21: QM54 | M21: 6667 | P21: 45719 | R21: 3 | S21: 20001 | T21: PE | U21: 1VV04-80009-FT0001 | V21: 0 | W21: 20000 | X21: 1 | Y21: 0 | Z21: 0 | AA21: 0 | AD21: 0 | AM21: 1VV04-80009-FT | AN21: H08031-JIM-M | AP21: 0 | AQ21: 0 | AR21: 0 | AS21: 0 | AT21: 0 | AU21: 0 | AY21: No | AZ21: W661974 | BA21: 0 | BC21: H08031-JIM-M | BF21: S0358004
A22: W0679360 | B22: 10000 | C22: 30000 | D22: 45720 | E22: 502LAUGH | F22: 8:37:07 am | G22: D005I8320/D00676710 | I22: 3 | J22: Yes | K22: 101 | L22: QM54 | M22: 34667 | P22: 45719 | R22: 3 | S22: 104001 | T22: PE | U22: 6ZE06-80002-FT0001 | V22: 0 | W22: 100000 | X22: 4001 | Y22: 0 | Z22: 0 | AA22: 0 | AD22: 0 | AM22: 6ZE06-80002-FT | AN22: H08031-JIM-M | AP22: 0 | AQ22: 0 | AR22: 0 | AS22: 0 | AT22: 0 | AU22: 0 | AY22: No | AZ22: W662154 | BA22: 0 | BC22: H08031-JIM-M | BF22: S0358096
A23: W0679373 | B23: 10000 | C23: 30000 | D23: 45720 | E23: 502LAUGH | F23: 0.46773148 | G23: 10639931093 | I23: 3 | J23: Yes | K23: 85 | L23: QM78 | M23: 5455 | P23: 45719 | R23: 11 | S23: 60005 | T23: PE | U23: B7RT9-80001-FT0001 | V23: 0 | W23: 50000 | X23: 10005 | Y23: 0 | Z23: 0 | AA23: 0 | AD23: 0 | AM23: B7RT9-80001-FT | AN23: H08031-JIM-M | AP23: 0 | AQ23: 0 | AR23: 0 | AS23: 0 | AT23: 0 | AU23: 0 | AY23: No | AZ23: W662500 | BA23: 0 | BC23: H08031-JIM-M | BF23: S0358100
A24: W0679521 | B24: 10000 | C24: 30000 | D24: 45719 | E24: 502LAUGH | F24: 3:36:54 pm | G24: D00676710/D005I8320 | I24: 3 | J24: Yes | K24: 101 | L24: QM54 | M24: 60000 | P24: 45719 | R24: 3 | S24: 180000 | T24: PE | U24: 6ZE04-80002-FT0001 | V24: 0 | W24: 175000 | X24: 5000 | Y24: 0 | Z24: 0 | AA24: 0 | AD24: 0 | AM24: 6ZE04-80002-FT | AN24: H08031-JIM-M | AP24: 0 | AQ24: 0 | AR24: 0 | AS24: 0 | AT24: 0 | AU24: 0 | AY24: No | AZ24: W662155 | BA24: 0 | BC24: H08031-JIM-M | BF24: S0358297
A25: W0679577 | B25: 10000 | C25: 10000 | D25: 45720 | E25: 502LAUGH | F25: 3:57:09 pm | G25: M4B4603BGJAJ123-S248100296/E0531904 | I25: 1 | J25: Yes | K25: 67 | L25: PM42 | M25: 10000 | P25: 45719 | R25: 1 | S25: 10000 | T25: PE | U25: 716626800 REVC0001 | V25: 0 | W25: 10000 | X25: 0 | Y25: 0 | Z25: 0 | AA25: 0 | AD25: 0 | AM25: 716626800 REVC | AN25: S19314 | AP25: 0 | AQ25: 0 | AR25: 0 | AS25: 0 | AT25: 0 | AU25: 0 | AY25: No | AZ25: W662440 | BA25: 0 | BC25: S19314 | BF25: H0064581
A26: W0679577 | B26: 10000 | C26: 20000 | D26: 45720 | E26: 502LAUGH | F26: 3:57:09 pm | G26: M4B4603BGJAJ123-S248100296/E0531904 | I26: 1 | J26: Yes | K26: 66 | L26: PMJ0 | M26: 50000 | P26: 45719 | R26: 1 | S26: 50000 | T26: PE | U26: 716626800 REVC0001 | V26: 0 | W26: 50000 | X26: 0 | Y26: 0 | Z26: 0 | AA26: 0 | AD26: 0 | AM26: 716626800 REVC | AN26: S19314 | AP26: 0 | AQ26: 0 | AR26: 0 | AS26: 0 | AT26: 0 | AU26: 0 | AY26: No | AZ26: W662440 | BA26: 0 | BC26: S19314 | BF26: H0064581
A27: W0679615 | B27: 10000 | C27: 10000 | D27: 45720 | E27: 502LAUGH | F27: 0.42090278 | G27: 4067S1 | I27: 1 | J27: Yes | K27: 78 | L27: PM84 | M27: 5000 | P27: 45719 | R27: 2 | S27: 10000 | T27: PE | U27: 712730 REV1000001 | V27: 0 | W27: 10000 | X27: 0 | Y27: 0 | Z27: 0 | AA27: 0 | AD27: 0 | AM27: 712730 REV402 | AN27: V22000 | AP27: 0 | AQ27: 0 | AR27: 0 | AS27: 0 | AT27: 0 | AU27: 0 | AY27: No | AZ27: W662156 | BA27: 0 | BC27: V22000 | BF27: S0358336
A28: W0679648 | B28: 10000 | C28: 50000 | D28: 45720 | E28: 502LAUGH | F28: 4:00:35 pm | G28: M4B4603BGJAJ119-S248100138/E0531904 | I28: 1 | J28: Yes | K28: 66 | L28: PMJ0 | M28: 5000 | P28: 45719 | R28: 1 | S28: 5000 | T28: PE | U28: 716626800 REVC0001 | V28: 0 | W28: 5000 | X28: 0 | Y28: 0 | Z28: 0 | AA28: 0 | AD28: 0 | AM28: 716626800 REVC | AN28: S19081-TH | AP28: 0 | AQ28: 0 | AR28: 0 | AS28: 0 | AT28: 0 | AU28: 0 | AY28: No | AZ28: W662013 | BA28: 0 | BC28: S19081-TH | BF28: H0064608
A29: W0679649 | B29: 10000 | C29: 10000 | D29: 45722 | E29: 502LAUGH | F29: 1:40:04 pm | G29: M4B4603BGJAJ119-S248100138/E0531904 | I29: 1 | J29: Yes | K29: 67N | L29: PM42 | M29: 120000 | P29: 45719 | R29: 1 | S29: 120000 | T29: PE | U29: 716626800 REVC0001 | V29: 0 | W29: 120000 | X29: 0 | Y29: 0 | Z29: 0 | AA29: 0 | AD29: 0 | AM29: 716626800 REVC | AN29: S19081-TH | AP29: 0 | AQ29: 0 | AR29: 0 | AS29: 0 | AT29: 0 | AU29: 0 | AY29: No | AZ29: W662445 | BA29: 0 | BC29: S19081-TH | BF29: H0064609
A30: W0679651 | B30: 10000 | C30: 10000 | D30: 45720 | E30: 502LAUGH | F30: 4:02:10 pm | G30: 5304412-01-02-01/5304412-01-05-06/5304412-01-05-04 | I30: 1 | J30: Yes | K30: 90 | L30: PM35 | M30: 29700 | P30: 45719 | R30: 2 | S30: 59400 | T30: PE | U30: 723852900-PROTO 0001 | V30: 0 | W30: 59400 | X30: 0 | Y30: 0 | Z30: 0 | AA30: 0 | AD30: 0 | AM30: 723852900-PROTO D | AN30: S19081-TH | AP30: 0 | AQ30: 0 | AR30: 0 | AS30: 0 | AT30: 0 | AU30: 0 | AY30: No | AZ30: W662207 | BA30: 0 | BC30: S19081-TH | BF30: H0064611
A31: W0679651 | B31: 10000 | C31: 20000 | D31: 45720 | E31: 502LAUGH | F31: 4:02:10 pm | G31: 5304412-01-02-01/5304412-01-05-06/5304412-01-05-04 | I31: 1 | J31: Yes | K31: 90 | L31: QC04 | M31: 24300 | P31: 45719 | R31: 2 | S31: 48600 | T31: PE | U31: 723852900-PROTO 0001 | V31: 0 | W31: 48600 | X31: 0 | Y31: 0 | Z31: 0 | AA31: 0 | AD31: 0 | AM31: 723852900-PROTO D | AN31: S19081-TH | AP31: 0 | AQ31: 0 | AR31: 0 | AS31: 0 | AT31: 0 | AU31: 0 | AY31: No | AZ31: W662207 | BA31: 0 | BC31: S19081-TH | BF31: H0064611
A32: W0679667 | B32: 10000 | C32: 10000 | D32: 45721 | E32: 502LAUGH | F32: 8:57:08 am | G32: E0801904/M0BSO4470 | I32: 1 | J32: Yes | K32: 87 | L32: PM14 | M32: 20250 | P32: 45719 | R32: 2 | S32: 40500 | T32: PE | U32: 762070100 REVA0001 | V32: 0 | W32: 40500 | X32: 0 | Y32: 0 | Z32: 0 | AA32: 0 | AD32: 0 | AM32: 762070100 REVA | AN32: S19081-TH | AP32: 0 | AQ32: 0 | AR32: 0 | AS32: 0 | AT32: 0 | AU32: 0 | AY32: No | AZ32: W662448 | BA32: 0 | BC32: S19081-TH | BF32: H0064624
A33: W0679682 | B33: 10000 | C33: 10000 | D33: 45719 | E33: 502LAUGH | F33: 5:36:36 pm | G33: SG-5630465 | I33: 1 | J33: Yes | K33: 59 | L33: PM09 | M33: 1660 | P33: 45719 | R33: 2 | S33: 3320 | T33: PE | U33: 112887240001 | V33: 0 | W33: 3320 | X33: 0 | Y33: 0 | Z33: 0 | AA33: 0 | AD33: 0 | AM33: 11288724 | AN33: I09180 | AP33: 0 | AQ33: 0 | AR33: 0 | AS33: 0 | AT33: 0 | AU33: 0 | AY33: No | AZ33: W662015 | BA33: 0 | BC33: I09180 | BF33: S0358357
A34: W0679682 | B34: 20000 | C34: 10000 | D34: 45719 | E34: 502LAUGH | F34: 5:36:36 pm | G34: SG-5630465 | I34: 1 | J34: Yes | K34: 59 | L34: PM09 | M34: 1245 | P34: 45719 | R34: 2 | S34: 2490 | T34: PE | U34: 112887240001 | V34: 0 | W34: 2490 | X34: 0 | Y34: 0 | Z34: 0 | AA34: 0 | AD34: 0 | AM34: 11288724 | AN34: I09180 | AP34: 0 | AQ34: 0 | AR34: 0 | AS34: 0 | AT34: 0 | AU34: 0 | AY34: No | AZ34: W662015 | BA34: 0 | BC34: I09180 | BF34: S0358357
A35: W0679689 | B35: 10000 | C35: 10000 | D35: 45719 | E35: 502LAUGH | F35: 1:06:29 pm | G35: SG-5622228 01 | I35: 1 | J35: Yes | K35: 59 | L35: PM09 | M35: 860 | P35: 45719 | R35: 1 | S35: 860 | T35: PE | U35: 150034910001 | V35: 0 | W35: 860 | X35: 0 | Y35: 0 | Z35: 0 | AA35: 0 | AD35: 0 | AM35: 15003491 | AN35: I09180 | AP35: 0 | AQ35: 0 | AR35: 0 | AS35: 0 | AT35: 0 | AU35: 0 | AY35: No | AZ35: W662017 | BA35: 0 | BC35: I09180 | BF35: S0358364
A36: W0679689 | B36: 20000 | C36: 10000 | D36: 45719 | E36: 502LAUGH | F36: 1:06:29 pm | G36: SG-5622228 01 | I36: 1 | J36: Yes | K36: 59 | L36: PM09 | M36: 860 | P36: 45719 | R36: 1 | S36: 860 | T36: PE | U36: 150034910001 | V36: 0 | W36: 860 | X36: 0 | Y36: 0 | Z36: 0 | AA36: 0 | AD36: 0 | AM36: 15003491 | AN36: I09180 | AP36: 0 | AQ36: 0 | AR36: 0 | AS36: 0 | AT36: 0 | AU36: 0 | AY36: No | AZ36: W662017 | BA36: 0 | BC36: I09180 | BF36: S0358364
A37: W0679709 | B37: 10000 | C37: 20000 | D37: 45721 | E37: 502LAUGH | F37: 8:32:17 am | G37: L4015U8016 | I37: 2 | J37: Yes | K37: 92 | L37: PM87 | M37: 8300 | P37: 45719 | R37: 1 | S37: 8300 | T37: PE | U37: 150-015580001 | V37: 0 | W37: 8000 | X37: 300 | Y37: 0 | Z37: 0 | AA37: 0 | AD37: 0 | AM37: 150-01558 | AN37: I09146 | AP37: 0 | AQ37: 0 | AR37: 0 | AS37: 0 | AT37: 0 | AU37: 0 | AY37: No | AZ37: W662208 | BA37: 0 | BC37: I09146 | BF37: S0358386
A38: W0679822 | B38: 10000 | C38: 30000 | D38: 45720 | E38: 502LAUGH | F38: 8:38:39 am | G38: 10620258086/10620258088 | I38: 3 | J38: Yes | K38: 85 | L38: QM78 | M38: 10000 | P38: 45719 | R38: 11 | S38: 110000 | T38: PE | U38: 7FP43-80004-FT0001 | V38: 0 | W38: 100000 | X38: 10000 | Y38: 0 | Z38: 0 | AA38: 0 | AD38: 0 | AM38: 7FP43-80004-FT | AN38: H08031-JIM-M | AP38: 0 | AQ38: 0 | AR38: 0 | AS38: 0 | AT38: 0 | AU38: 0 | AY38: No | AZ38: W662159 | BA38: 0 | BC38: H08031-JIM-M | BF38: S0358453
A39: W0679830 | B39: 10000 | C39: 20000 | D39: 45720 | E39: 502LAUGH | F39: 4:37:49 pm | G39: D007Y0330/D006A5780 | I39: 2 | J39: Yes | K39: 77 | L39: PM74 | M39: 21300 | P39: 45719 | R39: 10 | S39: 213000 | T39: PE | U39: 6ZE08-80002-FT0001 | V39: 0 | W39: 200000 | X39: 13000 | Y39: 0 | Z39: 0 | AA39: 0 | AD39: 0 | AM39: 6ZE08-80002-FT | AN39: H08031-JIM-M | AP39: 0 | AQ39: 0 | AR39: 0 | AS39: 0 | AT39: 0 | AU39: 0 | AY39: No | AZ39: W662210 | BA39: 0 | BC39: H08031-JIM-M | BF39: S0358461
A40: W0679833 | B40: 10000 | C40: 10000 | D40: 45719 | E40: 502LAUGH | F40: 3:38:07 pm | G40: M0BG16901 | I40: 1 | J40: Yes | K40: 78 | L40: PM84 | M40: 1000 | P40: 45719 | R40: 1 | S40: 1000 | T40: PE | U40: 86.E8260001 | V40: 0 | W40: 1000 | X40: 0 | Y40: 0 | Z40: 0 | AA40: 0 | AD40: 0 | AM40: 86.E826 | AN40: T20390-PMI | AP40: 0 | AQ40: 0 | AR40: 0 | AS40: 0 | AT40: 0 | AU40: 0 | AY40: No | AZ40: W662160 | BA40: 0 | BC40: T20390-PMI | BF40: S0358470
A41: W0679841 | B41: 10000 | C41: 10000 | D41: 45719 | E41: 502LAUGH | F41: 3:38:08 pm | G41: M0BG16901 | I41: 1 | J41: Yes | K41: 78 | L41: PM84 | M41: 50 | P41: 45719 | R41: 1 | S41: 50 | T41: PE | U41: 86.E8260001 | V41: 0 | W41: 50 | X41: 0 | Y41: 0 | Z41: 0 | AA41: 0 | AD41: 0 | AM41: 86.E826 | AN41: T20390-PMI | AP41: 0 | AQ41: 0 | AR41: 0 | AS41: 0 | AT41: 0 | AU41: 0 | AY41: No | AZ41: W662027 | BA41: 0 | BC41: T20390-PMI | BF41: ZSA101740
A42: W0679872 | B42: 10000 | C42: 20000 | D42: 45720 | E42: 502LAUGH | F42: 3:55:26 pm | G42: M4B4603BGJAJ115-S248100140/E0926912 | I42: 1 | J42: Yes | K42: 75 | L42: PM75 | M42: 18462 | P42: 45719 | R42: 13 | S42: 240006 | T42: PE | U42: 723009600 REVA0001 | V42: 0 | W42: 240000 | X42: 6 | Y42: 0 | Z42: 0 | AA42: 0 | AD42: 0 | AM42: 723009600 REVA | AN42: S19081-TH | AP42: 0 | AQ42: 0 | AR42: 0 | AS42: 0 | AT42: 0 | AU42: 0 | AY42: No | AZ42: W662029 | BA42: 0 | BC42: S19081-TH | BF42: H0064640
A43: W0679907 | B43: 10000 | C43: 10000 | D43: 45719 | E43: 505KANGHS | F43: 8:39:41 am | G43: 4090405U5 | I43: 1 | J43: Yes | K43: 22 | L43: PS13 | M43: 16000 | P43: 45719 | R43: 1 | S43: 16000 | T43: PE | U43: 260-6163-000001 | V43: 0 | W43: 16000 | X43: 0 | Y43: 0 | Z43: 0 | AA43: 0 | AD43: 0 | AM43: 260-6163-00 | AN43: J10025 | AP43: 0 | AQ43: 0 | AR43: 0 | AS43: 0 | AT43: 0 | AU43: 0 | AY43: No | AZ43: W662212 | BA43: 0 | BC43: J10025 | BF43: S0358484
A44: W0679915 | B44: 10000 | C44: 10000 | D44: 45720 | E44: 502LAUGH | F44: 8:53:37 am | G44: 4111521U5A | I44: 1 | J44: Yes | K44: 61 | L44: PM61 | M44: 6667 | P44: 45719 | R44: 6 | S44: 40002 | T44: PE | U44: 260-6012-000001 | V44: 0 | W44: 40000 | X44: 2 | Y44: 0 | Z44: 0 | AA44: 0 | AD44: 0 | AM44: 260-6012-00 | AN44: J10025 | AP44: 0 | AQ44: 0 | AR44: 0 | AS44: 0 | AT44: 0 | AU44: 0 | AY44: No | AZ44: W662554 | BA44: 0 | BC44: J10025 | BF44: S0358488
A45: W0679934 | B45: 10000 | C45: 10000 | D45: 45719 | E45: 505KANGHS | F45: 8:37:04 am | G45: I3B055H050/I492555H088/U2B09S001 | I45: 1 | J45: Yes | K45: 12 | L45: PP05 | M45: 10000 | P45: 45719 | R45: 10 | S45: 100000 | T45: PE | U45: 068893 REV4000001 | V45: 0 | W45: 100000 | X45: 0 | Y45: 0 | Z45: 0 | AA45: 0 | AD45: 0 | AM45: 068893 REV400 | AN45: V22000-DE | AP45: 0 | AQ45: 0 | AR45: 0 | AS45: 0 | AT45: 0 | AU45: 0 | AY45: No | AZ45: W662036 | BA45: 0 | BC45: V22000-DE | BF45: S0358499
A46: W0680065 | B46: 10000 | C46: 20000 | D46: 45719 | E46: 502LAUGH | F46: 5:17:34 pm | G46: J00LU70911000/3082509U9 | I46: 2 | J46: Yes | K46: 100 | L46: PM87 | M46: 600 | P46: 45719 | R46: 1 | S46: 600 | T46: PE | U46: 107112140001 | V46: 0 | W46: 500 | X46: 100 | Y46: 0 | Z46: 0 | AA46: 0 | AD46: 0 | AM46: 10711214 | AN46: I09109 | AP46: 0 | AQ46: 0 | AR46: 0 | AS46: 0 | AT46: 0 | AU46: 0 | AY46: No | AZ46: W662166 | BA46: 0 | BC46: I09109 | BF46: S0358739
A47: W0680072 | B47: 10000 | C47: 10000 | D47: 45720 | E47: 502LAUGH | F47: 1:28:45 pm | G47: MOBCR8371 | I47: 1 | J47: Yes | K47: 12 | L47: PP05 | M47: 4000 | P47: 45719 | R47: 1 | S47: 4000 | T47: PE | U47: 810333 REV4000001 | V47: 0 | W47: 4000 | X47: 0 | Y47: 0 | Z47: 0 | AA47: 0 | AD47: 0 | AM47: 810333 REV400 | AN47: V22000 | AP47: 0 | AQ47: 0 | AR47: 0 | AS47: 0 | AT47: 0 | AU47: 0 | AY47: No | AZ47: W662168 | BA47: 0 | BC47: V22000 | BF47: S0358750
A48: W0680082 | B48: 10000 | C48: 10000 | D48: 45719 | E48: 505KANGHS | F48: 8:37:58 am | G48: 3082510U9 | I48: 1 | J48: Yes | K48: 78 | L48: PM84 | M48: 100 | P48: 45719 | R48: 1 | S48: 100 | T48: PE | U48: 107314450001 | V48: 0 | W48: 100 | X48: 0 | Y48: 0 | Z48: 0 | AA48: 0 | AD48: 0 | AM48: 10731445 | AN48: I09109 | AP48: 0 | AQ48: 0 | AR48: 0 | AS48: 0 | AT48: 0 | AU48: 0 | AY48: No | AZ48: W662038 | BA48: 0 | BC48: I09109 | BF48: S0358756
A49: W0680083 | B49: 10000 | C49: 10000 | D49: 45719 | E49: 505KANGHS | F49: 8:37:58 am | G49: 3082510U9 | I49: 1 | J49: Yes | K49: 78 | L49: PM84 | M49: 5 | P49: 45719 | R49: 1 | S49: 5 | T49: PE | U49: 107314450001 | V49: 0 | W49: 5 | X49: 0 | Y49: 0 | Z49: 0 | AA49: 0 | AD49: 0 | AM49: 10731445 | AN49: I09109 | AP49: 0 | AQ49: 0 | AR49: 0 | AS49: 0 | AT49: 0 | AU49: 0 | AY49: No | AZ49: W662039 | BA49: 0 | BC49: I09109 | BF49: ZSA101744
A50: W0680122 | B50: 10000 | C50: 10000 | D50: 45720 | E50: 502LAUGH | F50: 0.42174769 | G50: 24222F05004001003 | I50: 1 | J50: Yes | K50: 65 | L50: PMJ7 | M50: 250 | P50: 45719 | R50: 80 | S50: 20000 | T50: PE | U50: TSMB00532010001 | V50: 0 | W50: 20000 | X50: 0 | Y50: 0 | Z50: 0 | AA50: 0 | AD50: 0 | AM50: TSMB0053201 | AN50: T20104 | AP50: 0 | AQ50: 0 | AR50: 0 | AS50: 0 | AT50: 0 | AU50: 0 | AY50: No | AZ50: W662215 | BA50: 0 | BC50: T20104 | BF50: S0358767
A51: W0680189 | B51: 10000 | C51: 30000 | D51: 45720 | E51: 502LAUGH | F51: 9:21:08 am | G51: 10567308045 | I51: 3 | J51: Yes | K51: 91 | L51: QM87 | M51: 1112 | P51: 45719 | R51: 9 | S51: 10008 | T51: PE | U51: F0L30-800010001 | V51: 0 | W51: 10000 | X51: 8 | Y51: 0 | Z51: 0 | AA51: 0 | AD51: 0 | AM51: F0L30-80001 | AN51: H08031-JIM | AP51: 0 | AQ51: 0 | AR51: 0 | AS51: 0 | AT51: 0 | AU51: 0 | AY51: No | AZ51: W662171 | BA51: 0 | BC51: H08031-JIM | BF51: S0359010
A52: W0680239 | B52: 10000 | C52: 10000 | D52: 45720 | E52: 502LAUGH | F52: 3:55:26 pm | G52: E053912079 | I52: 1 | J52: Yes | K52: 63 | L52: PM80 | M52: 1000 | P52: 45719 | R52: 20 | S52: 20000 | T52: PE | U52: 709898813-3M66900001 | V52: 0 | W52: 20000 | X52: 0 | Y52: 0 | Z52: 0 | AA52: 0 | AD52: 0 | AM52: 709898813-3M6690SP | AN52: S19743 | AP52: 0 | AQ52: 0 | AR52: 0 | AS52: 0 | AT52: 0 | AU52: 0 | AY52: No | AZ52: W662172 | BA52: 0 | BC52: S19743 | BF52: S0359012
A53: W0680243 | B53: 10000 | C53: 10000 | D53: 45723 | E53: 502LAUGH | F53: 8:35:36 am | G53: U462452089/SG-5553119 | I53: 1 | J53: Yes | K53: 72 | L53: PMJ4 | M53: 667 | P53: 45719 | R53: 6 | S53: 4002 | T53: PE | U53: R370-4910001 | V53: 0 | W53: 3000 | X53: 1002 | Y53: 0 | Z53: 0 | AA53: 0 | AD53: 0 | AM53: R370-491 | AN53: R18131 | AP53: 0 | AQ53: 0 | AR53: 0 | AS53: 0 | AT53: 0 | AU53: 0 | AY53: No | AZ53: W662588 | BA53: 0 | BC53: R18131 | BF53: S0359016
A54: W0680243 | B54: 10000 | C54: 20000 | D54: 45723 | E54: 502LAUGH | F54: 8:35:36 am | G54: U462452089/SG-5553119 | I54: 2 | J54: Yes | K54: 30 | L54: PS07 | M54: 1500 | P54: 45719 | R54: 2 | S54: 3000 | T54: PE | U54: R370-4910001 | V54: 0 | W54: 3000 | X54: 0 | Y54: 0 | Z54: 0 | AA54: 0 | AD54: 0 | AM54: R370-491 | AN54: R18131 | AP54: 0 | AQ54: 0 | AR54: 0 | AS54: 0 | AT54: 0 | AU54: 0 | AY54: No | AZ54: W662588 | BA54: 0 | BC54: R18131 | BF54: S0359016
A55: W0680274 | B55: 10000 | C55: 40000 | D55: 45720 | E55: 502LAUGH | F55: 8:34:26 am | G55: SG-5641511-01 | I55: 4 | J55: Yes | K55: 86 | L55: PM45 | M55: 6000 | P55: 45719 | R55: 30 | S55: 180000 | T55: PE | U55: 150370360001 | V55: 0 | W55: 122826 | X55: 57174 | Y55: 0 | Z55: 0 | AA55: 0 | AD55: 0 | AM55: 15037036 | AN55: I09180 | AP55: 0 | AQ55: 0 | AR55: 0 | AS55: 0 | AT55: 0 | AU55: 0 | AY55: No | AZ55: W662218 | BA55: 0 | BC55: I09180 | BF55: S0359046
A56: W0680331 | B56: 10000 | C56: 20000 | D56: 45719 | E56: 502LAUGH | F56: 3:38:53 pm | G56: J00T59660 | I56: 2 | J56: Yes | K56: 71 | L56: PS95 | M56: 834 | P56: 45719 | R56: 6 | S56: 5004 | T56: PE | U56: 5000443950001 | V56: 0 | W56: 5000 | X56: 4 | Y56: 0 | Z56: 0 | AA56: 0 | AD56: 0 | AM56: 500044395 | AN56: B02083 | AP56: 0 | AQ56: 0 | AR56: 0 | AS56: 0 | AT56: 0 | AU56: 0 | AY56: No | AZ56: W662058 | BA56: 0 | BC56: B02083 | BF56: S0359162
A57: W0680343 | B57: 10000 | C57: 20000 | D57: 45719 | E57: 502LAUGH | F57: 3:40:48 pm | G57: J00T59660 | I57: 2 | J57: Yes | K57: 71 | L57: PS95 | M57: 834 | P57: 45719 | R57: 6 | S57: 5004 | T57: PE | U57: 5000635410001 | V57: 0 | W57: 5000 | X57: 4 | Y57: 0 | Z57: 0 | AA57: 0 | AD57: 0 | AM57: 500063541 | AN57: B02083 | AP57: 0 | AQ57: 0 | AR57: 0 | AS57: 0 | AT57: 0 | AU57: 0 | AY57: No | AZ57: W662062 | BA57: 0 | BC57: B02083 | BF57: S0359166
A58: W0680385 | B58: 10000 | C58: 20000 | D58: 45719 | E58: 502LAUGH | F58: 3:39:49 pm | G58: J00T59660 | I58: 2 | J58: Yes | K58: 71 | L58: PS95 | M58: 2223 | P58: 45719 | R58: 9 | S58: 20007 | T58: PE | U58: 83634490001 | V58: 0 | W58: 20000 | X58: 7 | Y58: 0 | Z58: 0 | AA58: 0 | AD58: 0 | AM58: 8363449 | AN58: B02083 | AP58: 0 | AQ58: 0 | AR58: 0 | AS58: 0 | AT58: 0 | AU58: 0 | AY58: No | AZ58: W662068 | BA58: 0 | BC58: B02083 | BF58: S0359206
A59: W0680403 | B59: 10000 | C59: 20000 | D59: 45719 | E59: 505KANGHS | F59: 8:34:54 am | G59: 401180925/3060210U9 | I59: 2 | J59: Yes | K59: 100 | L59: PM87 | M59: 600 | P59: 45719 | R59: 1 | S59: 600 | T59: PE | U59: 107480290001 | V59: 0 | W59: 500 | X59: 100 | Y59: 0 | Z59: 0 | AA59: 0 | AD59: 0 | AM59: 10748029 | AN59: I09109 | AP59: 0 | AQ59: 0 | AR59: 0 | AS59: 0 | AT59: 0 | AU59: 0 | AY59: No | AZ59: W662176 | BA59: 0 | BC59: I09109 | BF59: S0359215
A60: W0680412 | B60: 10000 | C60: 10000 | D60: 45722 | E60: 502LAUGH | F60: 8:41:34 am | G60: U511452038/405111326 | I60: 1 | J60: Yes | K60: 32 | L60: PM26 | M60: 5860 | P60: 45719 | R60: 1 | S60: 5860 | T60: PE | U60: 250-5313-000001 | V60: 0 | W60: 5360 | X60: 500 | Y60: 0 | Z60: 0 | AA60: 0 | AD60: 0 | AM60: 250-5313-00 | AN60: J10025 | AP60: 0 | AQ60: 0 | AR60: 0 | AS60: 0 | AT60: 0 | AU60: 0 | AY60: No | AZ60: W662990 | BA60: 0 | BC60: J10025 | BF60: S0359222
A61: W0680450 | B61: 10000 | C61: 30000 | D61: 45719 | E61: 505KANGHS | F61: 8:33:33 am | G61: SG-5642459-01 | I61: 3 | J61: Yes | K61: 86 | L61: PM45 | M61: 650 | P61: 45719 | R61: 2 | S61: 1300 | T61: PE | U61: P4U01160001 | V61: 0 | W61: 1000 | X61: 300 | Y61: 0 | Z61: 0 | AA61: 0 | AD61: 0 | AM61: P4U0116 | AN61: H08220 | AP61: 0 | AQ61: 0 | AR61: 0 | AS61: 0 | AT61: 0 | AU61: 0 | AY61: No | AZ61: W662177 | BA61: 0 | BC61: H08220 | BF61: S0359243
A62: W0680469 | B62: 10000 | C62: 20000 | D62: 45720 | E62: 502LAUGH | F62: 0.4227662 | G62: M0BR27133 | I62: 2 | J62: Yes | K62: 71 | L62: PS95 | M62: 10000 | P62: 45719 | R62: 3 | S62: 30000 | T62: PE | U62: O-175X820001 | V62: 0 | W62: 30000 | X62: 0 | Y62: 0 | Z62: 0 | AA62: 0 | AD62: 0 | AM62: O-175X82 | AN62: G07076 | AP62: 0 | AQ62: 0 | AR62: 0 | AS62: 0 | AT62: 0 | AU62: 0 | AY62: No | AZ62: W662178 | BA62: 0 | BC62: G07076 | BF62: S0359264
A63: W0680497 | B63: 10000 | C63: 20000 | D63: 45722 | E63: 502LAUGH | F63: 8:36:29 am | G63: D007Y0330/D007Y0280 | I63: 2 | J63: Yes | K63: 77 | L63: PM74 | M63: 31800 | P63: 45719 | R63: 10 | S63: 318000 | T63: PE | U63: 6ZE04-80002-FT0001 | V63: 0 | W63: 325000 | X63: -7000 | Y63: 0 | Z63: 0 | AA63: 0 | AD63: 0 | AM63: 6ZE04-80002-FT | AN63: H08031-JIM-M | AP63: 0 | AQ63: 0 | AR63: 0 | AS63: 0 | AT63: 0 | AU63: 0 | AY63: No | AZ63: W663583 | BA63: 0 | BC63: H08031-JIM-M | BF63: S0359292
A64: W0680501 | B64: 10000 | C64: 30000 | D64: 45737 | E64: 502LAUGH | F64: 1:18:06 pm | G64: 10639931001/10639931060 | I64: 1 | J64: Yes | K64: 79 | L64: PM16 | M64: 1836 | P64: 45719 | R64: 297 | S64: 545292 | T64: PE | U64: 3YM51-80004-FT0001 | V64: 0 | W64: 500000 | X64: 45292 | Y64: 0 | Z64: 0 | AA64: 0 | AD64: 0 | AM64: 3YM51-80004-FT | AN64: H08031-JIM-M | AP64: 0 | AQ64: 0 | AR64: 0 | AS64: 0 | AT64: 0 | AU64: 0 | AY64: No | AZ64: W663584 | BA64: 0 | BC64: H08031-JIM-M | BF64: S0359296
A65: W0680549 | B65: 10000 | C65: 20000 | D65: 45719 | E65: 502LAUGH | F65: 1:04:06 pm | G65: L4820U8019/M0B7C2220 | I65: 2 | J65: Yes | K65: 82 | L65: PM11 | M65: 429 | P65: 45719 | R65: 56 | S65: 24024 | T65: PE | U65: 86.B9480001 | V65: 0 | W65: 11000 | X65: 13024 | Y65: 0 | Z65: 0 | AA65: 0 | AD65: 0 | AM65: 86.B948 | AN65: T20390-PMI | AP65: 0 | AQ65: 0 | AR65: 0 | AS65: 0 | AT65: 0 | AU65: 0 | AY65: No | AZ65: W662071 | BA65: 0 | BC65: T20390-PMI | BF65: S0359328
A66: W0680602 | B66: 10000 | C66: 10000 | D66: 45720 | E66: 502LAUGH | F66: 3:55:26 pm | G66: E169912121 | I66: 1 | J66: Yes | K66: 63 | L66: PM80 | M66: 10000 | P66: 45719 | R66: 60 | S66: 600000 | T66: PE | U66: 739709802 REVA0001 | V66: 0 | W66: 600000 | X66: 0 | Y66: 0 | Z66: 0 | AA66: 0 | AD66: 0 | AM66: 739709802 REVA | AN66: S19081-TH | AP66: 0 | AQ66: 0 | AR66: 0 | AS66: 0 | AT66: 0 | AU66: 0 | AY66: No | AZ66: W662179 | BA66: 0 | BC66: S19081-TH | BF66: H0064695
A67: W0680603 | B67: 10000 | C67: 10000 | D67: 45720 | E67: 502LAUGH | F67: 3:55:26 pm | G67: E169912121 | I67: 1 | J67: Yes | K67: 63 | L67: PM80 | M67: 10000 | P67: 45719 | R67: 60 | S67: 600000 | T67: PE | U67: 739709802 REVA0001 | V67: 0 | W67: 600000 | X67: 0 | Y67: 0 | Z67: 0 | AA67: 0 | AD67: 0 | AM67: 739709802 REVA | AN67: S19081-TH | AP67: 0 | AQ67: 0 | AR67: 0 | AS67: 0 | AT67: 0 | AU67: 0 | AY67: No | AZ67: W662227 | BA67: 0 | BC67: S19081-TH | BF67: H0064696
A68: W0680608 | B68: 10000 | C68: 10000 | D68: 45720 | E68: 502LAUGH | F68: 5:45:36 pm | G68: 4063565121746/XHX24922A1401/XHX241228030/BYK066-02 | I68: 1 | J68: Yes | K68: 95 | L68: PM40 | M68: 36286 | P68: 45719 | R68: 7 | S68: 254002 | T68: PE | U68: 86.9159 | V68: 0 | W68: 259500 | X68: -5498 | Y68: 0 | Z68: 0 | AA68: 0 | AD68: 0 | AM68: 86.9159 | AN68: T20390-PMI | AP68: 0 | AQ68: 0 | AR68: 0 | AS68: 0 | AT68: 0 | AU68: 0 | AY68: No | AZ68: W662625 | BA68: 0 | BC68: T20390-PMI | BF68: S0359343
A69: W0680681 | B69: 10000 | C69: 20000 | D69: 45719 | E69: 502LAUGH | F69: 1:05:37 pm | G69: L4820U8019/M0B7C2220 | I69: 2 | J69: Yes | K69: 82 | L69: PM11 | M69: 429 | P69: 45719 | R69: 56 | S69: 24024 | T69: PE | U69: 86.B9480001 | V69: 0 | W69: 10000 | X69: 14024 | Y69: 0 | Z69: 0 | AA69: 0 | AD69: 0 | AM69: 86.B948 | AN69: T20390-PMI | AP69: 0 | AQ69: 0 | AR69: 0 | AS69: 0 | AT69: 0 | AU69: 0 | AY69: No | AZ69: W662076 | BA69: 0 | BC69: T20390-PMI | BF69: S0359811
A70: W0680687 | B70: 10000 | C70: 20000 | D70: 45719 | E70: 502LAUGH | F70: 1:04:51 pm | G70: L4820U8019/M0B7C2220 | I70: 2 | J70: Yes | K70: 82 | L70: PM11 | M70: 1000 | P70: 45719 | R70: 56 | S70: 56000 | T70: PE | U70: 86.B9480001 | V70: 0 | W70: 50000 | X70: 6000 | Y70: 0 | Z70: 0 | AA70: 0 | AD70: 0 | AM70: 86.B948 | AN70: C03423 | AP70: 0 | AQ70: 0 | AR70: 0 | AS70: 0 | AT70: 0 | AU70: 0 | AY70: No | AZ70: W662077 | BA70: 0 | BC70: C03423 | BF70: S0359813
A71: W0680693 | B71: 10000 | C71: 10000 | D71: 45730 | E71: 502LAUGH | F71: 8:33:43 am | G71: 10639931002 | I71: 1 | J71: Yes | K71: 79 | L71: PM16 | M71: 1714 | P71: 45719 | R71: 176 | S71: 301664 | T71: PE | U71: 6ZD21-800010001 | V71: 0 | W71: 260000 | X71: 41664 | Y71: 0 | Z71: 0 | AA71: 0 | AD71: 0 | AM71: 6ZD21-80001 | AN71: H08031-JIM-M | AP71: 0 | AQ71: 0 | AR71: 0 | AS71: 0 | AT71: 0 | AU71: 0 | AY71: No | AZ71: W663036 | BA71: 0 | BC71: H08031-JIM-M | BF71: S0359821
A72: W0680699 | B72: 10000 | C72: 10000 | D72: 45720 | E72: 502LAUGH | F72: 8:32:11 am | G72: 2908220-001/3050503U9 | I72: 1 | J72: Yes | K72: 61 | L72: PM68 | M72: 100 | P72: 45719 | R72: 2 | S72: 200 | T72: PE | U72: FMMB00725010001 | V72: 0 | W72: 200 | X72: 0 | Y72: 0 | Z72: 0 | AA72: 0 | AD72: 0 | AM72: FMMB0072501 | AN72: T20104 | AP72: 0 | AQ72: 0 | AR72: 0 | AS72: 0 | AT72: 0 | AU72: 0 | AY72: No | AZ72: W662229 | BA72: 0 | BC72: T20104 | BF72: S0359823
A73: W0680716 | B73: 10000 | C73: 10000 | D73: 45737 | E73: 502LAUGH | F73: 0.48247685 | G73: 10639931001 | I73: 1 | J73: Yes | K73: 79 | L73: PM16 | M73: 228 | P73: 45719 | R73: 308 | S73: 70224 | T73: PE | U73: CH561-80140-FT0001 | V73: 0 | W73: 50000 | X73: 20224 | Y73: 0 | Z73: 0 | AA73: 0 | AD73: 0 | AM73: CH561-80140-FT | AN73: H08031-JIM-M | AP73: 0 | AQ73: 0 | AR73: 0 | AS73: 0 | AT73: 0 | AU73: 0 | AY73: No | AZ73: W663604 | BA73: 0 | BC73: H08031-JIM-M | BF73: S0359840
A74: W0680719 | B74: 10000 | C74: 10000 | D74: 45721 | E74: 502LAUGH | F74: 8:35:08 am | G74: 4275S1/BYL015-01 | I74: 1 | J74: Yes | K74: 88 | L74: PP24 | M74: 2500 | P74: 45719 | R74: 1 | S74: 2500 | T74: PE | U74: ASSET TAG-76X34M0001 | V74: 0 | W74: 2500 | X74: 0 | Y74: 0 | Z74: 0 | AA74: 0 | AD74: 0 | AM74: ASSET TAG-76X34MM | AN74: N14199 | AP74: 0 | AQ74: 0 | AR74: 0 | AS74: 0 | AT74: 0 | AU74: 0 | AY74: No | AZ74: W662238 | BA74: 0 | BC74: N14199 | BF74: S0359841
A75: W0680720 | B75: 10000 | C75: 10000 | D75: 45721 | E75: 502LAUGH | F75: 5:24:01 pm | G75: 11191427/BWG015-06 | I75: 1 | J75: Yes | K75: 88 | L75: PP24 | M75: 3000 | P75: 45719 | R75: 1 | S75: 3000 | T75: PE | U75: FOR I-NET-BLUE0001 | V75: 0 | W75: 2500 | X75: 500 | Y75: 0 | Z75: 0 | AA75: 0 | AD75: 0 | AM75: FOR I-NET-BLUE | AN75: N14199 | AP75: 0 | AQ75: 0 | AR75: 0 | AS75: 0 | AT75: 0 | AU75: 0 | AY75: No | AZ75: W662239 | BA75: 0 | BC75: N14199 | BF75: S0359841
A76: W0680723 | B76: 10000 | C76: 10000 | D76: 45721 | E76: 502LAUGH | F76: 8:35:43 am | G76: 4275S1/BYL015-01 | I76: 1 | J76: Yes | K76: 88 | L76: PP24 | M76: 500 | P76: 45719 | R76: 1 | S76: 500 | T76: PE | U76: ASSET TAG-76X34M0001 | V76: 0 | W76: 500 | X76: 0 | Y76: 0 | Z76: 0 | AA76: 0 | AD76: 0 | AM76: ASSET TAG-76X34MM | AN76: N14199 | AP76: 0 | AQ76: 0 | AR76: 0 | AS76: 0 | AT76: 0 | AU76: 0 | AY76: No | AZ76: W662241 | BA76: 0 | BC76: N14199 | BF76: S0359843
A77: W0680740 | B77: 10000 | C77: 10000 | D77: 45720 | E77: 502LAUGH | F77: 1:27:12 pm | G77: SG-5630465 03 | I77: 1 | J77: Yes | K77: 93 | L77: PM17 | M77: 100 | P77: 45719 | R77: 49 | S77: 4900 | T77: PE | U77: 200715740001 | V77: 0 | W77: 3000 | X77: 1900 | Y77: 0 | Z77: 0 | AA77: 0 | AD77: 0 | AM77: 20071574 | AN77: I09180 | AP77: 0 | AQ77: 0 | AR77: 0 | AS77: 0 | AT77: 0 | AU77: 0 | AY77: No | AZ77: W662244 | BA77: 0 | BC77: I09180 | BF77: S0359854
A78: W0680741 | B78: 10000 | C78: 10000 | D78: 45720 | E78: 502LAUGH | F78: 1:25:55 pm | G78: SG-5630465 03 | I78: 1 | J78: Yes | K78: 93 | L78: PM17 | M78: 124 | P78: 45719 | R78: 49 | S78: 6085 | T78: PE | U78: 200715740001 | V78: 0 | W78: 13000 | X78: -6915 | Y78: 0 | Z78: 0 | AA78: 0 | AD78: 0 | AM78: 20071574 | AN78: I09180 | AP78: 0 | AQ78: 0 | AR78: 0 | AS78: 0 | AT78: 0 | AU78: 0 | AY78: No | AZ78: W662245 | BA78: 0 | BC78: I09180 | BF78: S0359855
A79: W0680741 | B79: 20000 | C79: 10000 | D79: 45720 | E79: 502LAUGH | F79: 1:25:55 pm | G79: SG-5630465 03 | I79: 1 | J79: Yes | K79: 93 | L79: PM17 | M79: 41 | P79: 45719 | R79: 49 | S79: 2000 | T79: PE | U79: 200715740001 | V79: 0 | W79: 2000 | X79: 0 | Y79: 0 | Z79: 0 | AA79: 0 | AD79: 0 | AM79: 20071574 | AN79: I09180 | AP79: 0 | AQ79: 0 | AR79: 0 | AS79: 0 | AT79: 0 | AU79: 0 | AY79: No | AZ79: W662245 | BA79: 0 | BC79: I09180 | BF79: S0359855
A80: W0680744 | B80: 10000 | C80: 10000 | D80: 45720 | E80: 502LAUGH | F80: 8:52:24 am | G80: 490833/M0BMT08711372 | I80: 1 | J80: Yes | K80: 87 | L80: PM12 | M80: 100 | P80: 45719 | R80: 2 | S80: 200 | T80: PE | U80: 755800100-ADS1380001 | V80: 0 | W80: 200 | X80: 0 | Y80: 0 | Z80: 0 | AA80: 0 | AD80: 0 | AM80: 755800100-ADS1381 P2 | AN80: S19081 | AP80: 0 | AQ80: 0 | AR80: 0 | AS80: 0 | AT80: 0 | AU80: 0 | AY80: No | AZ80: W662079 | BA80: 0 | BC80: S19081 | BF80: ZSA101752
A81: W0680745 | B81: 10000 | C81: 10000 | D81: 45734 | E81: 502LAUGH | F81: 9:57:59 am | G81: 10639931060 | I81: 1 | J81: Yes | K81: 79 | L81: PM16 | M81: 133 | P81: 45719 | R81: 264 | S81: 35112 | T81: PE | U81: 7FP13-80001-FT0001 | V81: 0 | W81: 20000 | X81: 15112 | Y81: 0 | Z81: 0 | AA81: 0 | AD81: 0 | AM81: 7FP13-80001-FT | AN81: H08031-JIM-M | AP81: 0 | AQ81: 0 | AR81: 0 | AS81: 0 | AT81: 0 | AU81: 0 | AY81: No | AZ81: W663037 | BA81: 0 | BC81: H08031-JIM-M | BF81: S0359858
A82: W0680746 | B82: 10000 | C82: 10000 | D82: 45729 | E82: 502LAUGH | F82: 1:34:03 pm | G82: 10639931060 | I82: 1 | J82: Yes | K82: 79 | L82: PM16 | M82: 304 | P82: 45719 | R82: 264 | S82: 80256 | T82: PE | U82: 7FP37-80003-FT0001 | V82: 0 | W82: 50000 | X82: 30256 | Y82: 0 | Z82: 0 | AA82: 0 | AD82: 0 | AM82: 7FP37-80003-FT | AN82: H08031-JIM-M | AP82: 0 | AQ82: 0 | AR82: 0 | AS82: 0 | AT82: 0 | AU82: 0 | AY82: No | AZ82: W662780 | BA82: 0 | BC82: H08031-JIM-M | BF82: S0359859
A83: W0680748 | B83: 10000 | C83: 10000 | D83: 45729 | E83: 502LAUGH | F83: 2:57:25 pm | G83: 10639931060 | I83: 1 | J83: Yes | K83: 79 | L83: PM16 | M83: 171 | P83: 45719 | R83: 176 | S83: 30096 | T83: PE | U83: 7FP45-80001-FT0001 | V83: 0 | W83: 20000 | X83: 10096 | Y83: 0 | Z83: 0 | AA83: 0 | AD83: 0 | AM83: 7FP45-80001-FT | AN83: H08031-JIM-M | AP83: 0 | AQ83: 0 | AR83: 0 | AS83: 0 | AT83: 0 | AU83: 0 | AY83: No | AZ83: W663038 | BA83: 0 | BC83: H08031-JIM-M | BF83: S0359860
A84: W0680750 | B84: 10000 | C84: 10000 | D84: 45729 | E84: 502LAUGH | F84: 4:09:26 pm | G84: 10639931060 | I84: 1 | J84: Yes | K84: 79 | L84: PM16 | M84: 133 | P84: 45719 | R84: 264 | S84: 35112 | T84: PE | U84: 7FP21-80008-FT0001 | V84: 0 | W84: 20000 | X84: 15112 | Y84: 0 | Z84: 0 | AA84: 0 | AD84: 0 | AM84: 7FP21-80008-FT | AN84: H08031-JIM-M | AP84: 0 | AQ84: 0 | AR84: 0 | AS84: 0 | AT84: 0 | AU84: 0 | AY84: No | AZ84: W663039 | BA84: 0 | BC84: H08031-JIM-M | BF84: S0359861
A85: W0680752 | B85: 10000 | C85: 10000 | D85: 45729 | E85: 502LAUGH | F85: 3:58:04 pm | G85: 10639931060 | I85: 1 | J85: Yes | K85: 79 | L85: PM16 | M85: 133 | P85: 45719 | R85: 264 | S85: 35112 | T85: PE | U85: 7FP05-80003-FT0001 | V85: 0 | W85: 20000 | X85: 15112 | Y85: 0 | Z85: 0 | AA85: 0 | AD85: 0 | AM85: 7FP05-80003-FT | AN85: H08031-JIM-M | AP85: 0 | AQ85: 0 | AR85: 0 | AS85: 0 | AT85: 0 | AU85: 0 | AY85: No | AZ85: W663040 | BA85: 0 | BC85: H08031-JIM-M | BF85: S0359862
A86: W0680755 | B86: 10000 | C86: 10000 | D86: 45719 | E86: 502LAUGH | F86: 5:36:36 pm | G86: SG-5629365 01 | I86: 1 | J86: Yes | K86: 82 | L86: PM11 | M86: 560 | P86: 45719 | R86: 44 | S86: 24640 | T86: PE | U86: 111699440001 | V86: 0 | W86: 24640 | X86: 0 | Y86: 0 | Z86: 0 | AA86: 0 | AD86: 0 | AM86: 11169944 | AN86: I09180 | AP86: 0 | AQ86: 0 | AR86: 0 | AS86: 0 | AT86: 0 | AU86: 0 | AY86: No | AZ86: W662080 | BA86: 0 | BC86: I09180 | BF86: S0359868
A87: W0680768 | B87: 10000 | C87: 10000 | D87: 45719 | E87: 502LAUGH | F87: 5:18:29 pm | G87: SG-562754701 | I87: 1 | J87: Yes | K87: 82 | L87: PM11 | M87: 385 | P87: 45719 | R87: 26 | S87: 10020 | T87: PE | U87: 112023880001 | V87: 0 | W87: 10000 | X87: 20 | Y87: 0 | Z87: 0 | AA87: 0 | AD87: 0 | AM87: 11202388 | AN87: I09180 | AP87: 0 | AQ87: 0 | AR87: 0 | AS87: 0 | AT87: 0 | AU87: 0 | AY87: No | AZ87: W662247 | BA87: 0 | BC87: I09180 | BF87: S0359881
A88: W0680768 | B88: 20000 | C88: 10000 | D88: 45719 | E88: 502LAUGH | F88: 5:18:29 pm | G88: SG-562754701 | I88: 1 | J88: Yes | K88: 82 | L88: PM11 | M88: 385 | P88: 45719 | R88: 26 | S88: 10000 | T88: PE | U88: 112023880001 | V88: 0 | W88: 10000 | X88: 0 | Y88: 0 | Z88: 0 | AA88: 0 | AD88: 0 | AM88: 11202388 | AN88: I09180 | AP88: 0 | AQ88: 0 | AR88: 0 | AS88: 0 | AT88: 0 | AU88: 0 | AY88: No | AZ88: W662247 | BA88: 0 | BC88: I09180 | BF88: S0359881
A89: W0680769 | B89: 10000 | C89: 10000 | D89: 45720 | E89: 502LAUGH | F89: 9:23:18 am | G89: SG-5630465 03 | I89: 1 | J89: Yes | K89: 93 | L89: PM17 | M89: 50 | P89: 45719 | R89: 224 | S89: 11200 | T89: PE | U89: 201088630001 | V89: 0 | W89: 8000 | X89: 3200 | Y89: 0 | Z89: 0 | AA89: 0 | AD89: 0 | AM89: 20108863 | AN89: I09180 | AP89: 0 | AQ89: 0 | AR89: 0 | AS89: 0 | AT89: 0 | AU89: 0 | AY89: No | AZ89: W662248 | BA89: 0 | BC89: I09180 | BF89: S0359882
A90: W0680771 | B90: 10000 | C90: 10000 | D90: 45720 | E90: 502LAUGH | F90: 9:22:28 am | G90: SG-5630465 03 | I90: 1 | J90: Yes | K90: 93 | L90: PM17 | M90: 52 | P90: 45719 | R90: 224 | S90: 11680 | T90: PE | U90: 201088630001 | V90: 0 | W90: 8000 | X90: 3680 | Y90: 0 | Z90: 0 | AA90: 0 | AD90: 0 | AM90: 20108863 | AN90: I09180 | AP90: 0 | AQ90: 0 | AR90: 0 | AS90: 0 | AT90: 0 | AU90: 0 | AY90: No | AZ90: W662249 | BA90: 0 | BC90: I09180 | BF90: S0359884
A91: W0680771 | B91: 20000 | C91: 10000 | D91: 45720 | E91: 502LAUGH | F91: 9:22:28 am | G91: SG-5630465 03 | I91: 1 | J91: Yes | K91: 93 | L91: PM17 | M91: 18 | P91: 45719 | R91: 224 | S91: 4000 | T91: PE | U91: 201088630001 | V91: 0 | W91: 4000 | X91: 0 | Y91: 0 | Z91: 0 | AA91: 0 | AD91: 0 | AM91: 20108863 | AN91: I09180 | AP91: 0 | AQ91: 0 | AR91: 0 | AS91: 0 | AT91: 0 | AU91: 0 | AY91: No | AZ91: W662249 | BA91: 0 | BC91: I09180 | BF91: S0359884
A92: W0680772 | B92: 10000 | C92: 10000 | D92: 45720 | E92: 502LAUGH | F92: 0.42364583 | G92: U4B1258025 | I92: 1 | J92: Yes | K92: 93 | L92: PM17 | M92: 100 | P92: 45719 | R92: 144 | S92: 14400 | T92: PE | U92: 52028070001 | V92: 0 | W92: 10000 | X92: 4400 | Y92: 0 | Z92: 0 | AA92: 0 | AD92: 0 | AM92: 5202807 | AN92: S19156 | AP92: 0 | AQ92: 0 | AR92: 0 | AS92: 0 | AT92: 0 | AU92: 0 | AY92: No | AZ92: W662081 | BA92: 0 | BC92: S19156 | BF92: S0359969
A93: W0680867 | B93: 10000 | C93: 10000 | D93: 45720 | E93: 502LAUGH | F93: 2:08:34 pm | G93: SG-5630465 03 | I93: 1 | J93: Yes | K93: 93 | L93: PM17 | M93: 140 | P93: 45719 | R93: 108 | S93: 15120 | T93: PE | U93: 200900090001 | V93: 0 | W93: 40000 | X93: -24880 | Y93: 0 | Z93: 0 | AA93: 0 | AD93: 0 | AM93: 20090009 | AN93: I09180 | AP93: 0 | AQ93: 0 | AR93: 0 | AS93: 0 | AT93: 0 | AU93: 0 | AY93: No | AZ93: W663041 | BA93: 0 | BC93: I09180 | BF93: S0360721
A94: W0680887 | B94: 10000 | C94: 10000 | D94: 45720 | E94: 502LAUGH | F94: 9:24:11 am | G94: SG-5630465 03 | I94: 1 | J94: Yes | K94: 93 | L94: PM17 | M94: 171 | P94: 45719 | R94: 88 | S94: 15048 | T94: PE | U94: 200689890001 | V94: 0 | W94: 12000 | X94: 3048 | Y94: 0 | Z94: 0 | AA94: 0 | AD94: 0 | AM94: 20068989 | AN94: I09180-SUNNINGDALE | AP94: 0 | AQ94: 0 | AR94: 0 | AS94: 0 | AT94: 0 | AU94: 0 | AY94: No | AZ94: W662250 | BA94: 0 | BC94: I09180-SUNNINGDALE | BF94: S0360735
A100: =COUNTA(A5:A97) -> 90 | B100: ='1-Mar'!A36+'3_Mar'!A100 -> 119

Sheet 4-Mar
A1: Production Output
A2: Filter: Date Completed: 04/03/25
A4: Work Order No. | B4: Work Order Line No. | C4: WO Journal Line No. | D4: Add Date | E4: Add User | F4: Add Time | G4: Material Batch No. | H4: Die Cut | I4: Process No. | J4: Posted | K4: Machine Code | L4: Staff Code | M4: No. of Press | N4: Date Started | O4: Time Started | P4: Date Completed | Q4: Time Completed | R4: No. of Ups | S4: Printed Quantity | T4: Journal Type | U4: Item Code | V4: Quantity | W4: QC Approved Quantity | X4: Rejected Quantity | Y4: Roll | Z4: Length | AA4: Width | AB4: Length UOM | AC4: Width UOM | AD4: RM Quantity | AE4: Material Code | AF4: Variant Code | AG4: Request Delivery Date | AH4: Non QC Record | AI4: Link to Line No. | AJ4: Related | AK4: Expire Date | AL4: Label Remark | AM4: Customer Part Number | AN4: Customer Code | AO4: ddmm | AP4: Label Packing Quantity 1 | AQ4: Label Quantity 1 | AR4: Label Packing Quantity 2 | AS4: Label Quantity 2 | AT4: Label Packing Quantity 3 | AU4: Label Quantity 3 | AV4: UOM for Label Printing | AW4: QC Inspector | AX4: Summarised Period | AY4: Summarised | AZ4: Posted Work Order No. | BA4: Colour | BB4: Currency | BC4: Ref Customer | BD4: Group | BE4: PO | BF4: Source Doc. No.
A5: W0675393 | B5: 10000 | C5: 30000 | D5: 45730 | E5: 502LAUGH | F5: 8:40:59 am | G5: 10639931075/10639931076/10639931074/10639931073/10639931072 | I5: 2 | J5: Yes | K5: 86 | L5: PM45 | M5: 29800 | P5: 45720 | R5: 36 | S5: 1072800 | T5: PE | U5: 5180-0101-BH2120001 | V5: 0 | W5: 1000000 | X5: 72800 | Y5: 0 | Z5: 0 | AA5: 0 | AD5: 0 | AM5: 5180-0101-BH212 | AN5: H08031-JIM | AP5: 0 | AQ5: 0 | AR5: 0 | AS5: 0 | AT5: 0 | AU5: 0 | AY5: No | AZ5: W662930 | BA5: 0 | BC5: H08031-JIM | BF5: S0353198
A6: W0677057 | B6: 10000 | C6: 20000 | D6: 45728 | E6: 502LAUGH | F6: 8:47:17 am | G6: 1000221/1000219/80116793/1012643/XHX24A13A0809/XHX2412190201 | I6: 1 | J6: Yes | K6: 103N | L6: PM55 | M6: 35000 | P6: 45720 | R6: 8 | S6: 280000 | T6: PE | U6: MT273730001 | V6: 0 | W6: 280000 | X6: 0 | Y6: 0 | Z6: 0 | AA6: 0 | AD6: 0 | AM6: MT27373 | AN6: Z26002 | AP6: 0 | AQ6: 0 | AR6: 0 | AS6: 0 | AT6: 0 | AU6: 0 | AY6: No | AZ6: W662937 | BA6: 0 | BC6: Z26002 | BF6: S0355389
A7: W0677057 | B7: 10000 | C7: 30000 | D7: 45728 | E7: 502LAUGH | F7: 8:47:17 am | G7: 1000221/1000219/80116793/1012643/XHX24A13A0809/XHX2412190201 | I7: 1 | J7: Yes | K7: 103 | L7: PM47 | M7: 15625 | P7: 45720 | R7: 8 | S7: 125000 | T7: PE | U7: MT273730001 | V7: 0 | W7: 125000 | X7: 0 | Y7: 0 | Z7: 0 | AA7: 0 | AD7: 0 | AM7: MT27373 | AN7: Z26002 | AP7: 0 | AQ7: 0 | AR7: 0 | AS7: 0 | AT7: 0 | AU7: 0 | AY7: No | AZ7: W662937 | BA7: 0 | BC7: Z26002 | BF7: S0355389
A8: W0677057 | B8: 20000 | C8: 10000 | D8: 45728 | E8: 502LAUGH | F8: 8:47:17 am | G8: 1000221/1000219/80116793/1012643/XHX24A13A0809/XHX2412190201 | I8: 1 | J8: Yes | K8: 103 | L8: PM47 | M8: 43125 | P8: 45720 | R8: 8 | S8: 345000 | T8: PE | U8: MT273730001 | V8: 0 | W8: 345000 | X8: 0 | Y8: 0 | Z8: 0 | AA8: 0 | AD8: 0 | AM8: MT27373 | AN8: Z26002 | AP8: 0 | AQ8: 0 | AR8: 0 | AS8: 0 | AT8: 0 | AU8: 0 | AY8: No | AZ8: W662937 | BA8: 0 | BC8: Z26002 | BF8: S0355389
A9: W0678411 | B9: 10000 | C9: 10000 | D9: 45728 | E9: 502LAUGH | F9: 8:38:10 am | G9: SG-564141001 | I9: 1 | J9: Yes | K9: 73N | L9: PM18 | M9: 60000 | P9: 45720 | R9: 12 | S9: 720000 | T9: PE | U9: 80256230001 | V9: 0 | W9: 720000 | X9: 0 | Y9: 0 | Z9: 0 | AA9: 0 | AD9: 0 | AM9: 8025623 | AN9: B02083 | AP9: 0 | AQ9: 0 | AR9: 0 | AS9: 0 | AT9: 0 | AU9: 0 | AY9: No | AZ9: W663295 | BA9: 0 | BC9: B02083 | BF9: S0357132
A10: W0678680 | B10: 10000 | C10: 20000 | D10: 45721 | E10: 502LAUGH | F10: 8:38:39 am | G10: 4067S1 | I10: 1 | J10: Yes | K10: 12 | L10: PP05 | M10: 5000 | P10: 45720 | R10: 1 | S10: 5000 | T10: PE | U10: 710922 INDEX1020001 | V10: 0 | W10: 5000 | X10: 0 | Y10: 0 | Z10: 0 | AA10: 0 | AD10: 0 | AM10: 710922 INDEX404 | AN10: V22000 | AP10: 0 | AQ10: 0 | AR10: 0 | AS10: 0 | AT10: 0 | AU10: 0 | AY10: No | AZ10: W662142 | BA10: 0 | BC10: V22000 | BF10: S0357443
A11: W0678697 | B11: 10000 | C11: 10000 | D11: 45720 | E11: 502LAUGH | F11: 5:39:52 pm | G11: SG-5622228 01 | I11: 1 | J11: Yes | K11: 59 | L11: PS74 | M11: 10000 | P11: 45720 | R11: 6 | S11: 60000 | T11: PE | U11: 15058365 REVB0001 | V11: 0 | W11: 60000 | X11: 0 | Y11: 0 | Z11: 0 | AA11: 0 | AD11: 0 | AM11: 15058365 REVB | AN11: I09180-US | AP11: 0 | AQ11: 0 | AR11: 0 | AS11: 0 | AT11: 0 | AU11: 0 | AY11: No | AZ11: W662143 | BA11: 0 | BC11: I09180-US | BF11: S0357462
A12: W0678767 | B12: 10000 | C12: 10000 | D12: 45721 | E12: 502LAUGH | F12: 0.48003472 | G12: 4103023U5 | I12: 1 | J12: Yes | K12: 46 | L12: PS66 | M12: 27000 | P12: 45720 | R12: 1 | S12: 27000 | T12: PE | U12: 250-6174-000001 | V12: 0 | W12: 27000 | X12: 0 | Y12: 0 | Z12: 0 | AA12: 0 | AD12: 0 | AM12: 250-6174-00 | AN12: J10025-PHL-SG | AP12: 0 | AQ12: 0 | AR12: 0 | AS12: 0 | AT12: 0 | AU12: 0 | AY12: No | AZ12: W662420 | BA12: 0 | BC12: J10025-PHL-SG | BF12: S0357505
A13: W0679218 | B13: 10000 | C13: 20000 | D13: 45720 | E13: 502LAUGH | F13: 2:06:32 pm | G13: 10639931058/10639931057 | I13: 1 | J13: Yes | K13: 82 | L13: PM11 | M13: 5143 | P13: 45720 | R13: 140 | S13: 720020 | T13: PE | U13: 1F3Y1-400110001 | V13: 0 | W13: 720000 | X13: 20 | Y13: 0 | Z13: 0 | AA13: 0 | AD13: 0 | AM13: 1F3Y1-40011 | AN13: H08031-NKG THAI-HPP | AP13: 0 | AQ13: 0 | AR13: 0 | AS13: 0 | AT13: 0 | AU13: 0 | AY13: No | AZ13: W662492 | BA13: 0 | BC13: H08031-NKG THAI-HPP | BF13: S0357872
A14: W0679220 | B14: 10000 | C14: 30000 | D14: 45723 | E14: 502LAUGH | F14: 5:25:12 pm | G14: BXB022-02 | I14: 1 | J14: Yes | K14: 90 | L14: PM35 | M14: 11000 | P14: 45720 | R14: 4 | S14: 44000 | T14: PE | U14: Y00-0000928-000001 | V14: 0 | W14: 44000 | X14: 0 | Y14: 0 | Z14: 0 | AA14: 0 | AD14: 0 | AM14: 300-0000396-00 | AN14: F06170-JIANGSU | AP14: 0 | AQ14: 0 | AR14: 0 | AS14: 0 | AT14: 0 | AU14: 0 | AY14: No | AZ14: W662433 | BA14: 0 | BC14: F06170-JIANGSU | BF14: S0357841
A15: W0679220 | B15: 10000 | C15: 40000 | D15: 45723 | E15: 502LAUGH | F15: 5:25:12 pm | G15: BXB022-02 | I15: 1 | J15: Yes | K15: 90N | L15: QC04 | M15: 6500 | P15: 45720 | R15: 4 | S15: 26000 | T15: PE | U15: Y00-0000928-000001 | V15: 0 | W15: 26000 | X15: 0 | Y15: 0 | Z15: 0 | AA15: 0 | AD15: 0 | AM15: 300-0000396-00 | AN15: F06170-JIANGSU | AP15: 0 | AQ15: 0 | AR15: 0 | AS15: 0 | AT15: 0 | AU15: 0 | AY15: No | AZ15: W662433 | BA15: 0 | BC15: F06170-JIANGSU | BF15: S0357841
A16: W0679330 | B16: 10000 | C16: 20000 | D16: 45721 | E16: 502LAUGH | F16: 2:04:01 pm | G16: 10639931010 | I16: 2 | J16: Yes | K16: 77 | L16: PM74 | M16: 1705 | P16: 45720 | R16: 88 | S16: 150040 | T16: PE | U16: 6ZD61-800010001 | V16: 0 | W16: 140000 | X16: 10040 | Y16: 0 | Z16: 0 | AA16: 0 | AD16: 0 | AM16: 6ZD61-80001 | AN16: H08031-JIM-M | AP16: 0 | AQ16: 0 | AR16: 0 | AS16: 0 | AT16: 0 | AU16: 0 | AY16: No | AZ16: W662494 | BA16: 0 | BC16: H08031-JIM-M | BF16: S0358007
A17: W0679332 | B17: 10000 | C17: 20000 | D17: 45721 | E17: 502LAUGH | F17: 0.45700231 | G17: 10639931094/10639931096 | I17: 2 | J17: Yes | K17: 77 | L17: PM74 | M17: 4807 | P17: 45720 | R17: 88 | S17: 423016 | T17: PE | U17: 3YM56-80009-FT0001 | V17: 0 | W17: 440000 | X17: -16984 | Y17: 0 | Z17: 0 | AA17: 0 | AD17: 0 | AM17: 3YM56-80009-FT | AN17: H08031-JIM-M | AP17: 0 | AQ17: 0 | AR17: 0 | AS17: 0 | AT17: 0 | AU17: 0 | AY17: No | AZ17: W662496 | BA17: 0 | BC17: H08031-JIM-M | BF17: S0358010
A18: W0679350 | B18: 10000 | C18: 20000 | D18: 45722 | E18: 502LAUGH | F18: 8:34:27 am | G18: 10639931012/10639931010 | I18: 2 | J18: Yes | K18: 77 | L18: PM74 | M18: 2500 | P18: 45720 | R18: 88 | S18: 220000 | T18: PE | U18: N9K05-80021-FT0001 | V18: 0 | W18: 200000 | X18: 20000 | Y18: 0 | Z18: 0 | AA18: 0 | AD18: 0 | AM18: N9K05-80021-FT | AN18: H08031-JIM-M | AP18: 0 | AQ18: 0 | AR18: 0 | AS18: 0 | AT18: 0 | AU18: 0 | AY18: No | AZ18: W662437 | BA18: 0 | BC18: H08031-JIM-M | BF18: S0358090
A19: W0679522 | B19: 10000 | C19: 20000 | D19: 45722 | E19: 502LAUGH | F19: 8:35:19 am | G19: 10639931010 | I19: 2 | J19: Yes | K19: 77 | L19: PM74 | M19: 1250 | P19: 45720 | R19: 88 | S19: 110000 | T19: PE | U19: N9K05-80021-FT0001 | V19: 0 | W19: 100000 | X19: 10000 | Y19: 0 | Z19: 0 | AA19: 0 | AD19: 0 | AM19: N9K05-80021-FT | AN19: H08031-JIM-M | AP19: 0 | AQ19: 0 | AR19: 0 | AS19: 0 | AT19: 0 | AU19: 0 | AY19: No | AZ19: W662501 | BA19: 0 | BC19: H08031-JIM-M | BF19: S0358298
A20: W0679640 | B20: 10000 | C20: 10000 | D20: 45722 | E20: 502LAUGH | F20: 8:56:01 am | G20: M0BUE5340/M0BTD2082 | I20: 1 | J20: Yes | K20: 70 | L20: PS84 | M20: 10000 | P20: 45720 | R20: 6 | S20: 60000 | T20: PE | U20: 100595138 REVB0001 | V20: 0 | W20: 60000 | X20: 0 | Y20: 0 | Z20: 0 | AA20: 0 | AD20: 0 | AM20: 100595138 REVB | AN20: S19081-TH | AP20: 0 | AQ20: 0 | AR20: 0 | AS20: 0 | AT20: 0 | AU20: 0 | AY20: No | AZ20: W662443 | BA20: 0 | BC20: S19081-TH | BF20: H0064600
A21: W0679649 | B21: 10000 | C21: 20000 | D21: 45722 | E21: 502LAUGH | F21: 1:40:04 pm | G21: M4B4603BGJAJ119-S248100138/E0531904 | I21: 1 | J21: Yes | K21: 66 | L21: PM48 | M21: 110000 | P21: 45720 | R21: 1 | S21: 110000 | T21: PE | U21: 716626800 REVC0001 | V21: 0 | W21: 110000 | X21: 0 | Y21: 0 | Z21: 0 | AA21: 0 | AD21: 0 | AM21: 716626800 REVC | AN21: S19081-TH | AP21: 0 | AQ21: 0 | AR21: 0 | AS21: 0 | AT21: 0 | AU21: 0 | AY21: No | AZ21: W662445 | BA21: 0 | BC21: S19081-TH | BF21: H0064609
A22: W0679650 | B22: 10000 | C22: 10000 | D22: 45722 | E22: 502LAUGH | F22: 1:42:08 pm | G22: 12190705006 | I22: 1 | J22: Yes | K22: 68 | L22: PMJ0 | M22: 19000 | P22: 45720 | R22: 2 | S22: 38000 | T22: PE | U22: 719007600 REVA0001 | V22: 0 | W22: 38000 | X22: 0 | Y22: 0 | Z22: 0 | AA22: 0 | AD22: 0 | AM22: 719007600 REVA | AN22: S19081-TH | AP22: 0 | AQ22: 0 | AR22: 0 | AS22: 0 | AT22: 0 | AU22: 0 | AY22: No | AZ22: W662446 | BA22: 0 | BC22: S19081-TH | BF22: H0064610
A23: W0679668 | B23: 10000 | C23: 10000 | D23: 45722 | E23: 502LAUGH | F23: 1:42:36 pm | G23: E0801904/M0BSO4460 | I23: 1 | J23: Yes | K23: 87 | L23: PM14 | M23: 20250 | P23: 45720 | R23: 2 | S23: 40500 | T23: PE | U23: 762070100 REVA0001 | V23: 0 | W23: 40500 | X23: 0 | Y23: 0 | Z23: 0 | AA23: 0 | AD23: 0 | AM23: 762070100 REVA | AN23: S19081-TH | AP23: 0 | AQ23: 0 | AR23: 0 | AS23: 0 | AT23: 0 | AU23: 0 | AY23: No | AZ23: W662449 | BA23: 0 | BC23: S19081-TH | BF23: H0064625
A24: W0679829 | B24: 10000 | C24: 20000 | D24: 45729 | E24: 502LAUGH | F24: 5:02:00 pm | G24: 10639931052 | I24: 1 | J24: Yes | K24: 79 | L24: PM16 | M24: 304 | P24: 45720 | R24: 297 | S24: 90288 | T24: PE | U24: F6U65-80033-FT0001 | V24: 0 | W24: 70000 | X24: 20288 | Y24: 0 | Z24: 0 | AA24: 0 | AD24: 0 | AM24: F6U65-80033-FT | AN24: H08031-JIM-M | AP24: 0 | AQ24: 0 | AR24: 0 | AS24: 0 | AT24: 0 | AU24: 0 | AY24: No | AZ24: W662974 | BA24: 0 | BC24: H08031-JIM-M | BF24: S0358460
A25: W0679830 | B25: 10000 | C25: 30000 | D25: 45720 | E25: 502LAUGH | F25: 4:37:49 pm | G25: D007Y0330/D006A5780 | I25: 3 | J25: Yes | K25: 101 | L25: QM54 | M25: 42000 | P25: 45720 | R25: 3 | S25: 126000 | T25: PE | U25: 6ZE08-80002-FT0001 | V25: 0 | W25: 200000 | X25: -74000 | Y25: 0 | Z25: 0 | AA25: 0 | AD25: 0 | AM25: 6ZE08-80002-FT | AN25: H08031-JIM-M | AP25: 0 | AQ25: 0 | AR25: 0 | AS25: 0 | AT25: 0 | AU25: 0 | AY25: No | AZ25: W662210 | BA25: 0 | BC25: H08031-JIM-M | BF25: S0358461
A26: W0679839 | B26: 10000 | C26: 20000 | D26: 45729 | E26: 502LAUGH | F26: 5:03:33 pm | G26: 10639931052 | I26: 1 | J26: Yes | K26: 79 | L26: PM16 | M26: 337 | P26: 45720 | R26: 297 | S26: 100089 | T26: PE | U26: F6U61-80027-FT0001 | V26: 0 | W26: 80000 | X26: 20089 | Y26: 0 | Z26: 0 | AA26: 0 | AD26: 0 | AM26: F6U61-80027-FT | AN26: H08031-JIM-M | AP26: 0 | AQ26: 0 | AR26: 0 | AS26: 0 | AT26: 0 | AU26: 0 | AY26: No | AZ26: W662975 | BA26: 0 | BC26: H08031-JIM-M | BF26: S0358468
A27: W0679849 | B27: 10000 | C27: 20000 | D27: 45720 | E27: 502LAUGH | F27: 2:07:15 pm | G27: 4103001U5 | I27: 1 | J27: Yes | K27: 94 | L27: PM09 | M27: 500 | P27: 45720 | R27: 4 | S27: 2000 | T27: PE | U27: 0B49230 EC C73490001 | V27: 0 | W27: 2000 | X27: 0 | Y27: 0 | Z27: 0 | AA27: 0 | AD27: 0 | AM27: 0B49230 EC C73494 | AN27: I09082-TL | AP27: 0 | AQ27: 0 | AR27: 0 | AS27: 0 | AT27: 0 | AU27: 0 | AY27: No | AZ27: W662545 | BA27: 0 | BC27: I09082-TL | BF27: H0064636
A28: W0679898 | B28: 10000 | C28: 10000 | D28: 45721 | E28: 502LAUGH | F28: 3:56:44 pm | G28: 411517U5/411520U5 | I28: 1 | J28: Yes | K28: 22 | L28: PS13 | M28: 15000 | P28: 45720 | R28: 2 | S28: 30000 | T28: PE | U28: 250-6253-000001 | V28: 0 | W28: 30000 | X28: 0 | Y28: 0 | Z28: 0 | AA28: 0 | AD28: 0 | AM28: 250-6253-00 | AN28: J10025 | AP28: 0 | AQ28: 0 | AR28: 0 | AS28: 0 | AT28: 0 | AU28: 0 | AY28: No | AZ28: W662548 | BA28: 0 | BC28: J10025 | BF28: S0358481
A29: W0679902 | B29: 10000 | C29: 10000 | D29: 45720 | E29: 502LAUGH | F29: 4:42:12 pm | G29: 4090405U5 | I29: 1 | J29: Yes | K29: 22 | L29: PS13 | M29: 15000 | P29: 45720 | R29: 1 | S29: 15000 | T29: PE | U29: 260-6011-000001 | V29: 0 | W29: 15000 | X29: 0 | Y29: 0 | Z29: 0 | AA29: 0 | AD29: 0 | AM29: 260-6011-00 | AN29: J10025 | AP29: 0 | AQ29: 0 | AR29: 0 | AS29: 0 | AT29: 0 | AU29: 0 | AY29: No | AZ29: W662161 | BA29: 0 | BC29: J10025 | BF29: S0358481
A30: W0679917 | B30: 10000 | C30: 10000 | D30: 45720 | E30: 502LAUGH | F30: 4:39:39 pm | G30: 4111521U5A | I30: 1 | J30: Yes | K30: 61 | L30: PM61 | M30: 8334 | P30: 45720 | R30: 6 | S30: 50004 | T30: PE | U30: 260-6012-000001 | V30: 0 | W30: 50000 | X30: 4 | Y30: 0 | Z30: 0 | AA30: 0 | AD30: 0 | AM30: 260-6012-00 | AN30: J10025 | AP30: 0 | AQ30: 0 | AR30: 0 | AS30: 0 | AT30: 0 | AU30: 0 | AY30: No | AZ30: W662556 | BA30: 0 | BC30: J10025 | BF30: S0358489
A31: W0680064 | B31: 10000 | C31: 10000 | D31: 45720 | E31: 502LAUGH | F31: 4:40:51 pm | G31: 3082510U9 | I31: 1 | J31: Yes | K31: 12 | L31: PP05 | M31: 3000 | P31: 45720 | R31: 1 | S31: 3000 | T31: PE | U31: 107475960001 | V31: 0 | W31: 3000 | X31: 0 | Y31: 0 | Z31: 0 | AA31: 0 | AD31: 0 | AM31: 10747596 | AN31: I09109 | AP31: 0 | AQ31: 0 | AR31: 0 | AS31: 0 | AT31: 0 | AU31: 0 | AY31: No | AZ31: W662165 | BA31: 0 | BC31: I09109 | BF31: S0358738
A32: W0680070 | B32: 10000 | C32: 10000 | D32: 45720 | E32: 502LAUGH | F32: 3:42:17 pm | G32: E041G0470 | I32: 1 | J32: Yes | K32: 78 | L32: PM84 | M32: 4000 | P32: 45720 | R32: 5 | S32: 20000 | T32: PE | U32: 707385 REV1000001 | V32: 0 | W32: 20000 | X32: 0 | Y32: 0 | Z32: 0 | AA32: 0 | AD32: 0 | AM32: 707385 REV401 | AN32: V22000 | AP32: 0 | AQ32: 0 | AR32: 0 | AS32: 0 | AT32: 0 | AU32: 0 | AY32: No | AZ32: W662167 | BA32: 0 | BC32: V22000 | BF32: S0358750
A33: W0680106 | B33: 10000 | C33: 10000 | D33: 45721 | E33: 502LAUGH | F33: 4:40:53 pm | G33: M0BUF4311 | I33: 1 | J33: Yes | K33: 26 | L33: PS70 | M33: 13500 | P33: 45720 | R33: 4 | S33: 54000 | T33: PE | U33: 202659400 REVA0001 | V33: 0 | W33: 54000 | X33: 0 | Y33: 0 | Z33: 0 | AA33: 0 | AD33: 0 | AM33: 202659400 REVA | AN33: S19314 | AP33: 0 | AQ33: 0 | AR33: 0 | AS33: 0 | AT33: 0 | AU33: 0 | AY33: No | AZ33: W662214 | BA33: 0 | BC33: S19314 | BF33: H0064649
A34: W0680123 | B34: 10000 | C34: 10000 | D34: 45720 | E34: 502LAUGH | F34: 0.42174769 | G34: 24222F05004001003 | I34: 1 | J34: Yes | K34: 65 | L34: PMJ7 | M34: 2250 | P34: 45720 | R34: 80 | S34: 180000 | T34: PE | U34: TSMB00532010001 | V34: 0 | W34: 180000 | X34: 0 | Y34: 0 | Z34: 0 | AA34: 0 | AD34: 0 | AM34: TSMB0053201 | AN34: T20104 | AP34: 0 | AQ34: 0 | AR34: 0 | AS34: 0 | AT34: 0 | AU34: 0 | AY34: No | AZ34: W662216 | BA34: 0 | BC34: T20104 | BF34: PR006402
A35: W0680190 | B35: 10000 | C35: 20000 | D35: 45721 | E35: 502LAUGH | F35: 9:18:38 am | G35: 4103001U5 | I35: 1 | J35: Yes | K35: 94 | L35: PM09 | M35: 3000 | P35: 45720 | R35: 4 | S35: 12000 | T35: PE | U35: 0B49096 REVAA0001 | V35: 0 | W35: 12000 | X35: 0 | Y35: 0 | Z35: 0 | AA35: 0 | AD35: 0 | AM35: 0B49096 REVAA | AN35: W23041-TH | AP35: 0 | AQ35: 0 | AR35: 0 | AS35: 0 | AT35: 0 | AU35: 0 | AY35: No | AZ35: W662587 | BA35: 0 | BC35: W23041-TH | BF35: H0064660
A36: W0680247 | B36: 10000 | C36: 10000 | D36: 45722 | E36: 502LAUGH | F36: 8:42:30 am | G36: 501222196 | I36: 1 | J36: Yes | K36: 72 | L36: PMJ4 | M36: 1667 | P36: 45720 | R36: 30 | S36: 50010 | T36: PE | U36: Q.C. ACCEPTED LA0001 | V36: 0 | W36: 40000 | X36: 10010 | Y36: 0 | Z36: 0 | AA36: 0 | AD36: 0 | AM36: Q.C. ACCEPTED LABEL | AN36: S19254 | AP36: 0 | AQ36: 0 | AR36: 0 | AS36: 0 | AT36: 0 | AU36: 0 | AY36: No | AZ36: W662217 | BA36: 0 | BC36: S19254 | BF36: S0359019
A37: W0680265 | B37: 10000 | C37: 10000 | D37: 45720 | E37: 502LAUGH | F37: 5:39:52 pm | G37: SG-5622228 01 | I37: 1 | J37: Yes | K37: 59 | L37: PS74 | M37: 1000 | P37: 45720 | R37: 6 | S37: 6000 | T37: PE | U37: 15058365 REVB0001 | V37: 0 | W37: 6000 | X37: 0 | Y37: 0 | Z37: 0 | AA37: 0 | AD37: 0 | AM37: 15058365 REVB | AN37: I09180 | AP37: 0 | AQ37: 0 | AR37: 0 | AS37: 0 | AT37: 0 | AU37: 0 | AY37: No | AZ37: W662173 | BA37: 0 | BC37: I09180 | BF37: S0359037
A38: W0680265 | B38: 20000 | C38: 10000 | D38: 45720 | E38: 502LAUGH | F38: 5:39:52 pm | G38: SG-5622228 01 | I38: 1 | J38: Yes | K38: 59 | L38: PS74 | M38: 500 | P38: 45720 | R38: 6 | S38: 3000 | T38: PE | U38: 15058365 REVB0001 | V38: 0 | W38: 3000 | X38: 0 | Y38: 0 | Z38: 0 | AA38: 0 | AD38: 0 | AM38: 15058365 REVB | AN38: I09180 | AP38: 0 | AQ38: 0 | AR38: 0 | AS38: 0 | AT38: 0 | AU38: 0 | AY38: No | AZ38: W662173 | BA38: 0 | BC38: I09180 | BF38: S0359037
A39: W0680379 | B39: 10000 | C39: 10000 | D39: 45721 | E39: 502LAUGH | F39: 0.47946759 | G39: SG-5627551-01 | I39: 1 | J39: Yes | K39: 59 | L39: PS74 | M39: 5000 | P39: 45720 | R39: 6 | S39: 30000 | T39: PE | U39: 15056431 REVB0001 | V39: 0 | W39: 30000 | X39: 0 | Y39: 0 | Z39: 0 | AA39: 0 | AD39: 0 | AM39: 15056431 REVB | AN39: I09180-US | AP39: 0 | AQ39: 0 | AR39: 0 | AS39: 0 | AT39: 0 | AU39: 0 | AY39: No | AZ39: W662219 | BA39: 0 | BC39: I09180-US | BF39: S0359202
A40: W0680386 | B40: 10000 | C40: 10000 | D40: 45720 | E40: 502LAUGH | F40: 3:06:08 pm | G40: J00Q865011525 | I40: 1 | J40: Yes | K40: 71 | L40: PS95 | M40: 2500 | P40: 45720 | R40: 4 | S40: 10000 | T40: PE | U40: 83624410001 | V40: 0 | W40: 10000 | X40: 0 | Y40: 0 | Z40: 0 | AA40: 0 | AD40: 0 | AM40: 8362441 | AN40: B02083 | AP40: 0 | AQ40: 0 | AR40: 0 | AS40: 0 | AT40: 0 | AU40: 0 | AY40: No | AZ40: W662174 | BA40: 0 | BC40: B02083 | BF40: S0359207
A41: W0680390 | B41: 10000 | C41: 10000 | D41: 45720 | E41: 502LAUGH | F41: 4:40:51 pm | G41: J00K66020 | I41: 1 | J41: Yes | K41: 71 | L41: PS95 | M41: 1667 | P41: 45720 | R41: 6 | S41: 10002 | T41: PE | U41: 83634480001 | V41: 0 | W41: 10000 | X41: 2 | Y41: 0 | Z41: 0 | AA41: 0 | AD41: 0 | AM41: 8363448 | AN41: B02083 | AP41: 0 | AQ41: 0 | AR41: 0 | AS41: 0 | AT41: 0 | AU41: 0 | AY41: No | AZ41: W662175 | BA41: 0 | BC41: B02083 | BF41: S0359207
A42: W0680400 | B42: 10000 | C42: 10000 | D42: 45721 | E42: 502LAUGH | F42: 2:52:08 pm | G42: M0BVD0511 | I42: 1 | J42: Yes | K42: 93 | L42: PM29 | M42: 500 | P42: 45720 | R42: 342 | S42: 171000 | T42: PE | U42: 107-54006900001 | V42: 0 | W42: 105000 | X42: 66000 | Y42: 0 | Z42: 0 | AA42: 0 | AD42: 0 | AM42: 107-5400690 | AN42: K11180 | AP42: 0 | AQ42: 0 | AR42: 0 | AS42: 0 | AT42: 0 | AU42: 0 | AY42: No | AZ42: W662601 | BA42: 0 | BC42: K11180 | BF42: S0359211
A43: W0680430 | B43: 10000 | C43: 10000 | D43: 45721 | E43: 502LAUGH | F43: 0.48063657 | G43: 501222196 | I43: 1 | J43: Yes | K43: 72 | L43: PMJ4 | M43: 1400 | P43: 45720 | R43: 10 | S43: 14000 | T43: PE | U43: SQUEEZED LEMON0001 | V43: 0 | W43: 10000 | X43: 4000 | Y43: 0 | Z43: 0 | AA43: 0 | AD43: 0 | AM43: SQUEEZED LEMON | AN43: H08138 | AP43: 0 | AQ43: 0 | AR43: 0 | AS43: 0 | AT43: 0 | AU43: 0 | AY43: No | AZ43: W662220 | BA43: 0 | BC43: H08138 | BF43: S0359231
A44: W0680475 | B44: 10000 | C44: 20000 | D44: 45721 | E44: 502LAUGH | F44: 3:53:43 pm | G44: M0BRZ2280 | I44: 2 | J44: Yes | K44: 77 | L44: PM74 | M44: 100 | P44: 45720 | R44: 25 | S44: 2500 | T44: PE | U44: 3UB50-80003-FT0001 | V44: 0 | W44: 1000 | X44: 1500 | Y44: 0 | Z44: 0 | AA44: 0 | AD44: 0 | AM44: 3UB50-80003-FT | AN44: H08031-JIM | AP44: 0 | AQ44: 0 | AR44: 0 | AS44: 0 | AT44: 0 | AU44: 0 | AY44: No | AZ44: W663005 | BA44: 0 | BC44: H08031-JIM | BF44: S0359269
A45: W0680476 | B45: 10000 | C45: 20000 | D45: 45721 | E45: 502LAUGH | F45: 3:52:03 pm | G45: M0BRZ2280 | I45: 2 | J45: Yes | K45: 77 | L45: PM74 | M45: 100 | P45: 45720 | R45: 25 | S45: 2500 | T45: PE | U45: 3UB76-80001-FT0001 | V45: 0 | W45: 1000 | X45: 1500 | Y45: 0 | Z45: 0 | AA45: 0 | AD45: 0 | AM45: 3UB76-80001-FT | AN45: H08031-JIM | AP45: 0 | AQ45: 0 | AR45: 0 | AS45: 0 | AT45: 0 | AU45: 0 | AY45: No | AZ45: W663574 | BA45: 0 | BC45: H08031-JIM | BF45: S0359270
A46: W0680477 | B46: 10000 | C46: 20000 | D46: 45721 | E46: 502LAUGH | F46: 3:52:55 pm | G46: M0BRZ2280 | I46: 2 | J46: Yes | K46: 77 | L46: PM74 | M46: 480 | P46: 45720 | R46: 25 | S46: 12000 | T46: PE | U46: 5180-23990001 | V46: 0 | W46: 10000 | X46: 2000 | Y46: 0 | Z46: 0 | AA46: 0 | AD46: 0 | AM46: 5180-2399 | AN46: H08031-JIM | AP46: 0 | AQ46: 0 | AR46: 0 | AS46: 0 | AT46: 0 | AU46: 0 | AY46: No | AZ46: W663575 | BA46: 0 | BC46: H08031-JIM | BF46: S0359271
A47: W0680478 | B47: 10000 | C47: 20000 | D47: 45721 | E47: 502LAUGH | F47: 3:55:12 pm | G47: M0BRZ2280 | I47: 2 | J47: Yes | K47: 77 | L47: PM74 | M47: 179 | P47: 45720 | R47: 168 | S47: 30072 | T47: PE | U47: 5180-22950001 | V47: 0 | W47: 10000 | X47: 20072 | Y47: 0 | Z47: 0 | AA47: 0 | AD47: 0 | AM47: 5180-2295 | AN47: H08031-JIM | AP47: 0 | AQ47: 0 | AR47: 0 | AS47: 0 | AT47: 0 | AU47: 0 | AY47: No | AZ47: W663576 | BA47: 0 | BC47: H08031-JIM | BF47: S0359272
A48: W0680479 | B48: 10000 | C48: 20000 | D48: 45721 | E48: 502LAUGH | F48: 3:54:31 pm | G48: M0BRZ2280 | I48: 2 | J48: Yes | K48: 77 | L48: PM74 | M48: 179 | P48: 45720 | R48: 168 | S48: 30072 | T48: PE | U48: 5180-2204-INDIGO0001 | V48: 0 | W48: 10000 | X48: 20072 | Y48: 0 | Z48: 0 | AA48: 0 | AD48: 0 | AM48: 5180-2204 | AN48: H08031-JIM | AP48: 0 | AQ48: 0 | AR48: 0 | AS48: 0 | AT48: 0 | AU48: 0 | AY48: No | AZ48: W663577 | BA48: 0 | BC48: H08031-JIM | BF48: S0359273
A49: W0680483 | B49: 10000 | C49: 20000 | D49: 45721 | E49: 502LAUGH | F49: 3:56:10 pm | G49: 10639931007 | I49: 2 | J49: Yes | K49: 77 | L49: PM74 | M49: 1834 | P49: 45720 | R49: 180 | S49: 330120 | T49: PE | U49: M0H50-80022-FT0001 | V49: 0 | W49: 280000 | X49: 50120 | Y49: 0 | Z49: 0 | AA49: 0 | AD49: 0 | AM49: M0H50-80022-FT | AN49: H08031-JIM-M | AP49: 0 | AQ49: 0 | AR49: 0 | AS49: 0 | AT49: 0 | AU49: 0 | AY49: No | AZ49: W663579 | BA49: 0 | BC49: H08031-JIM-M | BF49: S0359277
A50: W0680486 | B50: 10000 | C50: 10000 | D50: 45729 | E50: 502LAUGH | F50: 1:37:12 pm | G50: 10639931049 | I50: 1 | J50: Yes | K50: 79 | L50: PM16 | M50: 1073 | P50: 45720 | R50: 176 | S50: 188848 | T50: PE | U50: T0A86-80005-FT0001 | V50: 0 | W50: 160000 | X50: 28848 | Y50: 0 | Z50: 0 | AA50: 0 | AD50: 0 | AM50: T0A86-80005-FT | AN50: H08031-JIM-M | AP50: 0 | AQ50: 0 | AR50: 0 | AS50: 0 | AT50: 0 | AU50: 0 | AY50: No | AZ50: W663007 | BA50: 0 | BC50: H08031-JIM-M | BF50: S0359280
A51: W0680491 | B51: 10000 | C51: 10000 | D51: 45734 | E51: 502LAUGH | F51: 8:32:47 am | G51: 10639931051 | I51: 1 | J51: Yes | K51: 79 | L51: PM16 | M51: 130 | P51: 45720 | R51: 308 | S51: 40040 | T51: PE | U51: 6ZD36-800010001 | V51: 0 | W51: 20000 | X51: 20040 | Y51: 0 | Z51: 0 | AA51: 0 | AD51: 0 | AM51: 6ZD36-80001 | AN51: H08031-JIM-M | AP51: 0 | AQ51: 0 | AR51: 0 | AS51: 0 | AT51: 0 | AU51: 0 | AY51: No | AZ51: W663010 | BA51: 0 | BC51: H08031-JIM-M | BF51: S0359285
A52: W0680494 | B52: 10000 | C52: 10000 | D52: 45733 | E52: 502LAUGH | F52: 8:35:01 am | G52: 10639931049/10639931051 | I52: 1 | J52: Yes | K52: 79 | L52: PM16 | M52: 569 | P52: 45720 | R52: 176 | S52: 100144 | T52: PE | U52: C2P09-80007-FT0001 | V52: 0 | W52: 80000 | X52: 20144 | Y52: 0 | Z52: 0 | AA52: 0 | AD52: 0 | AM52: C2P09-80007-FT | AN52: H08031-JIM-M | AP52: 0 | AQ52: 0 | AR52: 0 | AS52: 0 | AT52: 0 | AU52: 0 | AY52: No | AZ52: W663012 | BA52: 0 | BC52: H08031-JIM-M | BF52: S0359288
A53: W0680504 | B53: 10000 | C53: 10000 | D53: 45729 | E53: 502LAUGH | F53: 2:34:49 pm | G53: 10639931050 | I53: 1 | J53: Yes | K53: 79 | L53: PM16 | M53: 636 | P53: 45720 | R53: 297 | S53: 188892 | T53: PE | U53: 3YM63-80017-FT0001 | V53: 0 | W53: 180000 | X53: 8892 | Y53: 0 | Z53: 0 | AA53: 0 | AD53: 0 | AM53: 3YM63-80017-FT | AN53: H08031-JIM-M | AP53: 0 | AQ53: 0 | AR53: 0 | AS53: 0 | AT53: 0 | AU53: 0 | AY53: No | AZ53: W663586 | BA53: 0 | BC53: H08031-JIM-M | BF53: S0359299
A54: W0680541 | B54: 10000 | C54: 10000 | D54: 45729 | E54: 502LAUGH | F54: 1:38:36 pm | G54: 10639931052 | I54: 1 | J54: Yes | K54: 79 | L54: PM16 | M54: 899 | P54: 45720 | R54: 297 | S54: 267003 | T54: PE | U54: 6ZD61-800010001 | V54: 0 | W54: 230000 | X54: 37003 | Y54: 0 | Z54: 0 | AA54: 0 | AD54: 0 | AM54: 6ZD61-80001 | AN54: H08031-JIM-M | AP54: 0 | AQ54: 0 | AR54: 0 | AS54: 0 | AT54: 0 | AU54: 0 | AY54: No | AZ54: W663020 | BA54: 0 | BC54: H08031-JIM-M | BF54: S0359323
A55: W0680542 | B55: 10000 | C55: 10000 | D55: 45729 | E55: 502LAUGH | F55: 1:35:33 pm | G55: 10639931050/10639931049 | I55: 1 | J55: Yes | K55: 79 | L55: PM16 | M55: 1094 | P55: 45720 | R55: 297 | S55: 324918 | T55: PE | U55: 3YM55-80009-FT0001 | V55: 0 | W55: 310000 | X55: 14918 | Y55: 0 | Z55: 0 | AA55: 0 | AD55: 0 | AM55: 3YM55-80009-FT | AN55: H08031-JIM-M | AP55: 0 | AQ55: 0 | AR55: 0 | AS55: 0 | AT55: 0 | AU55: 0 | AY55: No | AZ55: W663591 | BA55: 0 | BC55: H08031-JIM-M | BF55: S0359324
A56: W0680568 | B56: 10000 | C56: 10000 | D56: 45727 | E56: 502LAUGH | F56: 0.47247685 | G56: 4100514U5A | I56: 1 | J56: Yes | K56: 93 | L56: PM29 | M56: 56 | P56: 45720 | R56: 36 | S56: 2016 | T56: PE | U56: PE-LABB00300001 | V56: 0 | W56: 1000 | X56: 1016 | Y56: 0 | Z56: 0 | AA56: 0 | AD56: 0 | AM56: PE-LABB0030 | AN56: S19652 | AP56: 0 | AQ56: 0 | AR56: 0 | AS56: 0 | AT56: 0 | AU56: 0 | AY56: No | AZ56: W662619 | BA56: 0 | BC56: S19652 | BF56: S0359331
A57: W0680577 | B57: 10000 | C57: 20000 | D57: 45722 | E57: 502LAUGH | F57: 0.48809028 | G57: 59469 | I57: 1 | J57: Yes | K57: 73 | L57: PM59 | M57: 42 | P57: 45720 | R57: 12 | S57: 504 | T57: PE | U57: MT-1000173-00REV0003 | V57: 0 | W57: 100 | X57: 404 | Y57: 0 | Z57: 0 | AA57: 0 | AD57: 0 | AM57: MT-1000173-00REV008 | AN57: Z26002 | AP57: 0 | AQ57: 0 | AR57: 0 | AS57: 0 | AT57: 0 | AU57: 0 | AY57: No | AZ57: W662222 | BA57: 0 | BC57: Z26002 | BF57: ZSA101749
A58: W0680578 | B58: 10000 | C58: 30000 | D58: 45722 | E58: 502LAUGH | F58: 2:16:59 pm | G58: 59469 | I58: 1 | J58: Yes | K58: 73 | L58: PM59 | M58: 42 | P58: 45720 | R58: 12 | S58: 504 | T58: PE | U58: MT-1000241-910RE0002 | V58: 0 | W58: 100 | X58: 404 | Y58: 0 | Z58: 0 | AA58: 0 | AD58: 0 | AM58: MT-1000241-910REV005 | AN58: Z26002 | AP58: 0 | AQ58: 0 | AR58: 0 | AS58: 0 | AT58: 0 | AU58: 0 | AY58: No | AZ58: W662223 | BA58: 0 | BC58: Z26002 | BF58: ZSA101749
A59: W0680595 | B59: 10000 | C59: 10000 | D59: 45720 | E59: 502LAUGH | F59: 3:42:17 pm | G59: M0BUF4311 | I59: 1 | J59: Yes | K59: 26 | L59: PS70 | M59: 4500 | P59: 45720 | R59: 4 | S59: 18000 | T59: PE | U59: 202659300 REVA0001 | V59: 0 | W59: 18000 | X59: 0 | Y59: 0 | Z59: 0 | AA59: 0 | AD59: 0 | AM59: 202659300 REVA | AN59: S19081-TH | AP59: 0 | AQ59: 0 | AR59: 0 | AS59: 0 | AT59: 0 | AU59: 0 | AY59: No | AZ59: W662226 | BA59: 0 | BC59: S19081-TH | BF59: H0064688
A60: W0680604 | B60: 10000 | C60: 10000 | D60: 45721 | E60: 502LAUGH | F60: 8:58:51 am | G60: E169912121 | I60: 1 | J60: Yes | K60: 63 | L60: PM80 | M60: 10000 | P60: 45720 | R60: 60 | S60: 600000 | T60: PE | U60: 739709802 REVA0001 | V60: 0 | W60: 600000 | X60: 0 | Y60: 0 | Z60: 0 | AA60: 0 | AD60: 0 | AM60: 739709802 REVA | AN60: S19081-TH | AP60: 0 | AQ60: 0 | AR60: 0 | AS60: 0 | AT60: 0 | AU60: 0 | AY60: No | AZ60: W662228 | BA60: 0 | BC60: S19081-TH | BF60: H0064697
A61: W0680605 | B61: 10000 | C61: 10000 | D61: 45721 | E61: 502LAUGH | F61: 8:58:51 am | G61: E169912121 | I61: 1 | J61: Yes | K61: 63 | L61: PM80 | M61: 10000 | P61: 45720 | R61: 60 | S61: 600000 | T61: PE | U61: 739709802 REVA0001 | V61: 0 | W61: 600000 | X61: 0 | Y61: 0 | Z61: 0 | AA61: 0 | AD61: 0 | AM61: 739709802 REVA | AN61: S19081-TH | AP61: 0 | AQ61: 0 | AR61: 0 | AS61: 0 | AT61: 0 | AU61: 0 | AY61: No | AZ61: W662624 | BA61: 0 | BC61: S19081-TH | BF61: H0064698
A62: W0680669 | B62: 10000 | C62: 10000 | D62: 45726 | E62: 502LAUGH | F62: 2:12:59 pm | G62: 925200 | I62: 1 | J62: Yes | K62: 79 | L62: PM16 | M62: 417 | P62: 45720 | R62: 12 | S62: 5004 | T62: PE | U62: 10258252000001 | V62: 0 | W62: 3000 | X62: 2004 | Y62: 0 | Z62: 0 | AA62: 0 | AD62: 0 | AM62: 1025825200 | AN62: M13755 | AP62: 0 | AQ62: 0 | AR62: 0 | AS62: 0 | AT62: 0 | AU62: 0 | AY62: No | AZ62: W662627 | BA62: 0 | BC62: M13755 | BF62: S0359807
A63: W0680682 | B63: 10000 | C63: 20000 | D63: 45723 | E63: 502LAUGH | F63: 5:13:56 pm | G63: 4063565121746/XHX241228030/BYK066-02/XHX24922A1401 | I63: 1 | J63: Yes | K63: 95 | L63: PM40 | M63: 33429 | P63: 45720 | R63: 7 | S63: 234003 | T63: PE | U63: 86.9159 | V63: 0 | W63: 234000 | X63: 3 | Y63: 0 | Z63: 0 | AA63: 0 | AD63: 0 | AM63: 86.9159 | AN63: T20390-PMI | AP63: 0 | AQ63: 0 | AR63: 0 | AS63: 0 | AT63: 0 | AU63: 0 | AY63: No | AZ63: W662630 | BA63: 0 | BC63: T20390-PMI | BF63: S0359811
A64: W0680692 | B64: 10000 | C64: 10000 | D64: 45727 | E64: 502LAUGH | F64: 4:17:13 pm | G64: JOOV80140 | I64: 1 | J64: Yes | K64: 82 | L64: PM11 | M64: 10834 | P64: 45720 | R64: 6 | S64: 65004 | T64: PE | U64: 5185-07330001 | V64: 0 | W64: 65003 | X64: 1 | Y64: 0 | Z64: 0 | AA64: 0 | AD64: 0 | AM64: 5185-0733 | AN64: H08031-JIM-M | AP64: 0 | AQ64: 0 | AR64: 0 | AS64: 0 | AT64: 0 | AU64: 0 | AY64: No | AZ64: W663035 | BA64: 0 | BC64: H08031-JIM-M | BF64: S0359820
A65: W0680700 | B65: 10000 | C65: 10000 | D65: 45721 | E65: 502LAUGH | F65: 8:34:21 am | G65: 3170S1 | I65: 1 | J65: Yes | K65: 65 | L65: PMJ7 | M65: 167 | P65: 45720 | R65: 6 | S65: 1002 | T65: PE | U65: FMQC00230010001 | V65: 0 | W65: 1000 | X65: 2 | Y65: 0 | Z65: 0 | AA65: 0 | AD65: 0 | AM65: FMQC0023001 | AN65: T20104 | AP65: 0 | AQ65: 0 | AR65: 0 | AS65: 0 | AT65: 0 | AU65: 0 | AY65: No | AZ65: W662230 | BA65: 0 | BC65: T20104 | BF65: S0359823
A66: W0680702 | B66: 10000 | C66: 10000 | D66: 45721 | E66: 502LAUGH | F66: 8:34:22 am | G66: 3170S1 | I66: 1 | J66: Yes | K66: 65 | L66: PMJ7 | M66: 143 | P66: 45720 | R66: 7 | S66: 1001 | T66: PE | U66: TSMB00488030001 | V66: 0 | W66: 1000 | X66: 1 | Y66: 0 | Z66: 0 | AA66: 0 | AD66: 0 | AM66: TSMB0048803 | AN66: T20104 | AP66: 0 | AQ66: 0 | AR66: 0 | AS66: 0 | AT66: 0 | AU66: 0 | AY66: No | AZ66: W662231 | BA66: 0 | BC66: T20104 | BF66: S0359823
A67: W0680704 | B67: 10000 | C67: 10000 | D67: 45720 | E67: 502LAUGH | F67: 4:39:39 pm | G67: 3170S1 | I67: 1 | J67: Yes | K67: 65 | L67: PMJ7 | M67: 462 | P67: 45720 | R67: 13 | S67: 6006 | T67: PE | U67: TSMB00661020001 | V67: 0 | W67: 6000 | X67: 6 | Y67: 0 | Z67: 0 | AA67: 0 | AD67: 0 | AM67: TSMB0066102 | AN67: T20104 | AP67: 0 | AQ67: 0 | AR67: 0 | AS67: 0 | AT67: 0 | AU67: 0 | AY67: No | AZ67: W662232 | BA67: 0 | BC67: T20104 | BF67: S0359823
A68: W0680705 | B68: 10000 | C68: 10000 | D68: 45721 | E68: 502LAUGH | F68: 8:34:22 am | G68: 3170S1 | I68: 1 | J68: Yes | K68: 65 | L68: PMJ7 | M68: 667 | P68: 45720 | R68: 6 | S68: 4002 | T68: PE | U68: FMQC00230010001 | V68: 0 | W68: 4000 | X68: 2 | Y68: 0 | Z68: 0 | AA68: 0 | AD68: 0 | AM68: FMQC0023001 | AN68: T20104 | AP68: 0 | AQ68: 0 | AR68: 0 | AS68: 0 | AT68: 0 | AU68: 0 | AY68: No | AZ68: W662233 | BA68: 0 | BC68: T20104 | BF68: PR006403
A69: W0680707 | B69: 10000 | C69: 10000 | D69: 45721 | E69: 502LAUGH | F69: 8:34:22 am | G69: 3170S1 | I69: 1 | J69: Yes | K69: 65 | L69: PMJ7 | M69: 286 | P69: 45720 | R69: 7 | S69: 2002 | T69: PE | U69: TSMB00488030001 | V69: 0 | W69: 2000 | X69: 2 | Y69: 0 | Z69: 0 | AA69: 0 | AD69: 0 | AM69: TSMB0048803 | AN69: T20104 | AP69: 0 | AQ69: 0 | AR69: 0 | AS69: 0 | AT69: 0 | AU69: 0 | AY69: No | AZ69: W662234 | BA69: 0 | BC69: T20104 | BF69: PR006403
A70: W0680709 | B70: 10000 | C70: 10000 | D70: 45720 | E70: 502LAUGH | F70: 4:39:39 pm | G70: 3170S1 | I70: 1 | J70: Yes | K70: 65 | L70: PMJ7 | M70: 462 | P70: 45720 | R70: 13 | S70: 6006 | T70: PE | U70: TSMB00661020001 | V70: 0 | W70: 6000 | X70: 6 | Y70: 0 | Z70: 0 | AA70: 0 | AD70: 0 | AM70: TSMB0066102 | AN70: T20104 | AP70: 0 | AQ70: 0 | AR70: 0 | AS70: 0 | AT70: 0 | AU70: 0 | AY70: No | AZ70: W662235 | BA70: 0 | BC70: T20104 | BF70: PR006403
A71: W0680712 | B71: 10000 | C71: 10000 | D71: 45721 | E71: 502LAUGH | F71: 8:37:28 am | G71: J00T59660 | I71: 1 | J71: Yes | K71: 72 | L71: PMJ4 | M71: 3250 | P71: 45720 | R71: 4 | S71: 13000 | T71: PE | U71: 5000769160001 | V71: 0 | W71: 10000 | X71: 3000 | Y71: 0 | Z71: 0 | AA71: 0 | AD71: 0 | AM71: 500076916 | AN71: B02083 | AP71: 0 | AQ71: 0 | AR71: 0 | AS71: 0 | AT71: 0 | AU71: 0 | AY71: No | AZ71: W662236 | BA71: 0 | BC71: B02083 | BF71: S0359825
A72: W0680712 | B72: 10000 | C72: 20000 | D72: 45721 | E72: 502LAUGH | F72: 8:37:28 am | G72: J00T59660 | I72: 2 | J72: Yes | K72: 71 | L72: PS95 | M72: 1250 | P72: 45720 | R72: 8 | S72: 10000 | T72: PE | U72: 5000769160001 | V72: 0 | W72: 10000 | X72: 0 | Y72: 0 | Z72: 0 | AA72: 0 | AD72: 0 | AM72: 500076916 | AN72: B02083 | AP72: 0 | AQ72: 0 | AR72: 0 | AS72: 0 | AT72: 0 | AU72: 0 | AY72: No | AZ72: W662236 | BA72: 0 | BC72: B02083 | BF72: S0359825
A73: W0680717 | B73: 10000 | C73: 10000 | D73: 45737 | E73: 502LAUGH | F73: 0.48155093 | G73: 10639931050 | I73: 1 | J73: Yes | K73: 79 | L73: PM16 | M73: 168 | P73: 45720 | R73: 297 | S73: 49896 | T73: PE | U73: CH562-80153-FT0001 | V73: 0 | W73: 30000 | X73: 19896 | Y73: 0 | Z73: 0 | AA73: 0 | AD73: 0 | AM73: CH562-80153-FT | AN73: H08031-JIM-M | AP73: 0 | AQ73: 0 | AR73: 0 | AS73: 0 | AT73: 0 | AU73: 0 | AY73: No | AZ73: W663605 | BA73: 0 | BC73: H08031-JIM-M | BF73: S0359840
A74: W0680719 | B74: 10000 | C74: 20000 | D74: 45721 | E74: 502LAUGH | F74: 8:35:08 am | G74: 4275S1/BYL015-01 | I74: 2 | J74: Yes | K74: 105 | L74: PM87 | M74: 2500 | P74: 45720 | R74: 1 | S74: 2500 | T74: PE | U74: ASSET TAG-76X34M0001 | V74: 0 | W74: 2500 | X74: 0 | Y74: 0 | Z74: 0 | AA74: 0 | AD74: 0 | AM74: ASSET TAG-76X34MM | AN74: N14199 | AP74: 0 | AQ74: 0 | AR74: 0 | AS74: 0 | AT74: 0 | AU74: 0 | AY74: No | AZ74: W662238 | BA74: 0 | BC74: N14199 | BF74: S0359841
A75: W0680720 | B75: 10000 | C75: 20000 | D75: 45721 | E75: 502LAUGH | F75: 5:24:01 pm | G75: 11191427/BWG015-06 | I75: 2 | J75: Yes | K75: 100 | L75: PM87 | M75: 600 | P75: 45720 | R75: 5 | S75: 3000 | T75: PE | U75: FOR I-NET-BLUE0001 | V75: 0 | W75: 2500 | X75: 500 | Y75: 0 | Z75: 0 | AA75: 0 | AD75: 0 | AM75: FOR I-NET-BLUE | AN75: N14199 | AP75: 0 | AQ75: 0 | AR75: 0 | AS75: 0 | AT75: 0 | AU75: 0 | AY75: No | AZ75: W662239 | BA75: 0 | BC75: N14199 | BF75: S0359841
A76: W0680721 | B76: 10000 | C76: 10000 | D76: 45721 | E76: 502LAUGH | F76: 9:19:27 am | G76: U4116S103/L4820U8017 | I76: 1 | J76: Yes | K76: 88 | L76: PP24 | M76: 2800 | P76: 45720 | R76: 1 | S76: 2800 | T76: PE | U76: INET-42X45 GREEN0001 | V76: 0 | W76: 2500 | X76: 300 | Y76: 0 | Z76: 0 | AA76: 0 | AD76: 0 | AM76: INET-42X45 GREEN | AN76: N14199 | AP76: 0 | AQ76: 0 | AR76: 0 | AS76: 0 | AT76: 0 | AU76: 0 | AY76: No | AZ76: W662240 | BA76: 0 | BC76: N14199 | BF76: S0359841
A77: W0680721 | B77: 10000 | C77: 20000 | D77: 45721 | E77: 502LAUGH | F77: 9:19:27 am | G77: U4116S103/L4820U8017 | I77: 2 | J77: Yes | K77: 100 | L77: PM87 | M77: 2700 | P77: 45720 | R77: 1 | S77: 2700 | T77: PE | U77: INET-42X45 GREEN0001 | V77: 0 | W77: 2500 | X77: 200 | Y77: 0 | Z77: 0 | AA77: 0 | AD77: 0 | AM77: INET-42X45 GREEN | AN77: N14199 | AP77: 0 | AQ77: 0 | AR77: 0 | AS77: 0 | AT77: 0 | AU77: 0 | AY77: No | AZ77: W662240 | BA77: 0 | BC77: N14199 | BF77: S0359841
A78: W0680723 | B78: 10000 | C78: 20000 | D78: 45721 | E78: 502LAUGH | F78: 8:35:43 am | G78: 4275S1/BYL015-01 | I78: 2 | J78: Yes | K78: 105 | L78: PM87 | M78: 500 | P78: 45720 | R78: 1 | S78: 500 | T78: PE | U78: ASSET TAG-76X34M0001 | V78: 0 | W78: 500 | X78: 0 | Y78: 0 | Z78: 0 | AA78: 0 | AD78: 0 | AM78: ASSET TAG-76X34MM | AN78: N14199 | AP78: 0 | AQ78: 0 | AR78: 0 | AS78: 0 | AT78: 0 | AU78: 0 | AY78: No | AZ78: W662241 | BA78: 0 | BC78: N14199 | BF78: S0359843
A79: W0680725 | B79: 10000 | C79: 10000 | D79: 45721 | E79: 502LAUGH | F79: 2:07:19 pm | G79: 4092S1/BYL015-01 | I79: 1 | J79: Yes | K79: 88 | L79: PP24 | M79: 700 | P79: 45720 | R79: 5 | S79: 3500 | T79: PE | U79: SECRET-NET0002 | V79: 0 | W79: 3000 | X79: 500 | Y79: 0 | Z79: 0 | AA79: 0 | AD79: 0 | AM79: SECRET-NET | AN79: N14199 | AP79: 0 | AQ79: 0 | AR79: 0 | AS79: 0 | AT79: 0 | AU79: 0 | AY79: No | AZ79: W662242 | BA79: 0 | BC79: N14199 | BF79: S0359843
A80: W0680733 | B80: 10000 | C80: 10000 | D80: 45720 | E80: 502LAUGH | F80: 0.42090278 | G80: MDRLR4W220228 | I80: 1 | J80: Yes | K80: 65 | L80: PMJ7 | M80: 160 | P80: 45720 | R80: 20 | S80: 3200 | T80: PE | U80: 805679 REV4010001 | V80: 0 | W80: 3200 | X80: 0 | Y80: 0 | Z80: 0 | AA80: 0 | AD80: 0 | AM80: 805679 REV401 | AN80: V22000 | AP80: 0 | AQ80: 0 | AR80: 0 | AS80: 0 | AT80: 0 | AU80: 0 | AY80: No | AZ80: W662243 | BA80: 0 | BC80: V22000 | BF80: S0359848
A81: W0680740 | B81: 10000 | C81: 20000 | D81: 45720 | E81: 502LAUGH | F81: 1:27:12 pm | G81: SG-5630465 03 | I81: 2 | J81: Yes | K81: 86 | L81: PM45 | M81: 322 | P81: 45720 | R81: 14 | S81: 4508 | T81: PE | U81: 200715740001 | V81: 0 | W81: 3000 | X81: 1508 | Y81: 0 | Z81: 0 | AA81: 0 | AD81: 0 | AM81: 20071574 | AN81: I09180 | AP81: 0 | AQ81: 0 | AR81: 0 | AS81: 0 | AT81: 0 | AU81: 0 | AY81: No | AZ81: W662244 | BA81: 0 | BC81: I09180 | BF81: S0359854
A82: W0680741 | B82: 10000 | C82: 20000 | D82: 45720 | E82: 502LAUGH | F82: 1:25:55 pm | G82: SG-5630465 03 | I82: 2 | J82: Yes | K82: 86 | L82: PM45 | M82: 500 | P82: 45720 | R82: 14 | S82: 7000 | T82: PE | U82: 200715740001 | V82: 0 | W82: 13000 | X82: -6000 | Y82: 0 | Z82: 0 | AA82: 0 | AD82: 0 | AM82: 20071574 | AN82: I09180 | AP82: 0 | AQ82: 0 | AR82: 0 | AS82: 0 | AT82: 0 | AU82: 0 | AY82: No | AZ82: W662245 | BA82: 0 | BC82: I09180 | BF82: S0359855
A83: W0680759 | B83: 10000 | C83: 10000 | D83: 45720 | E83: 502LAUGH | F83: 5:39:52 pm | G83: SG-5622228 01 | I83: 1 | J83: Yes | K83: 59 | L83: PS74 | M83: 1000 | P83: 45720 | R83: 6 | S83: 6000 | T83: PE | U83: 15058365 REVB0001 | V83: 0 | W83: 6000 | X83: 0 | Y83: 0 | Z83: 0 | AA83: 0 | AD83: 0 | AM83: 15058365 REVB | AN83: I09180 | AP83: 0 | AQ83: 0 | AR83: 0 | AS83: 0 | AT83: 0 | AU83: 0 | AY83: No | AZ83: W662246 | BA83: 0 | BC83: I09180 | BF83: S0359872
A84: W0680769 | B84: 10000 | C84: 20000 | D84: 45720 | E84: 502LAUGH | F84: 9:23:18 am | G84: SG-5630465 03 | I84: 2 | J84: Yes | K84: 86 | L84: PM45 | M84: 209 | P84: 45720 | R84: 48 | S84: 10032 | T84: PE | U84: 201088630001 | V84: 0 | W84: 8000 | X84: 2032 | Y84: 0 | Z84: 0 | AA84: 0 | AD84: 0 | AM84: 20108863 | AN84: I09180 | AP84: 0 | AQ84: 0 | AR84: 0 | AS84: 0 | AT84: 0 | AU84: 0 | AY84: No | AZ84: W662248 | BA84: 0 | BC84: I09180 | BF84: S0359882
A85: W0680771 | B85: 10000 | C85: 20000 | D85: 45720 | E85: 502LAUGH | F85: 9:22:28 am | G85: SG-5630465 03 | I85: 2 | J85: Yes | K85: 86 | L85: PM45 | M85: 292 | P85: 45720 | R85: 48 | S85: 14016 | T85: PE | U85: 201088630001 | V85: 0 | W85: 8000 | X85: 6016 | Y85: 0 | Z85: 0 | AA85: 0 | AD85: 0 | AM85: 20108863 | AN85: I09180 | AP85: 0 | AQ85: 0 | AR85: 0 | AS85: 0 | AT85: 0 | AU85: 0 | AY85: No | AZ85: W662249 | BA85: 0 | BC85: I09180 | BF85: S0359884
A86: W0680772 | B86: 10000 | C86: 20000 | D86: 45720 | E86: 502LAUGH | F86: 0.42364583 | G86: U4B1258025 | I86: 2 | J86: Yes | K86: 71 | L86: PS95 | M86: 286 | P86: 45720 | R86: 35 | S86: 10010 | T86: PE | U86: 52028070001 | V86: 0 | W86: 10000 | X86: 10 | Y86: 0 | Z86: 0 | AA86: 0 | AD86: 0 | AM86: 5202807 | AN86: S19156 | AP86: 0 | AQ86: 0 | AR86: 0 | AS86: 0 | AT86: 0 | AU86: 0 | AY86: No | AZ86: W662081 | BA86: 0 | BC86: S19156 | BF86: S0359969
A87: W0680858 | B87: 10000 | C87: 10000 | D87: 45721 | E87: 502LAUGH | F87: 9:45:53 am | G87: BYM039-02 | I87: 1 | J87: Yes | K87: 93 | L87: PM29 | M87: 800 | P87: 45720 | R87: 63 | S87: 50400 | T87: PE | U87: GR-0880001 | V87: 0 | W87: 40000 | X87: 10400 | Y87: 0 | Z87: 0 | AA87: 0 | AD87: 0 | AM87: GR-088 | AN87: G07076 | AP87: 0 | AQ87: 0 | AR87: 0 | AS87: 0 | AT87: 0 | AU87: 0 | AY87: No | AZ87: W662641 | BA87: 0 | BC87: G07076 | BF87: S0360714
A88: W0680867 | B88: 10000 | C88: 20000 | D88: 45720 | E88: 502LAUGH | F88: 2:08:34 pm | G88: SG-5630465 03 | I88: 2 | J88: Yes | K88: 86 | L88: PM45 | M88: 700 | P88: 45720 | R88: 20 | S88: 14000 | T88: PE | U88: 200900090001 | V88: 0 | W88: 40000 | X88: -26000 | Y88: 0 | Z88: 0 | AA88: 0 | AD88: 0 | AM88: 20090009 | AN88: I09180 | AP88: 0 | AQ88: 0 | AR88: 0 | AS88: 0 | AT88: 0 | AU88: 0 | AY88: No | AZ88: W663041 | BA88: 0 | BC88: I09180 | BF88: S0360721
A89: W0680887 | B89: 10000 | C89: 20000 | D89: 45720 | E89: 502LAUGH | F89: 9:24:11 am | G89: SG-5630465 03 | I89: 2 | J89: Yes | K89: 86 | L89: PM45 | M89: 700 | P89: 45720 | R89: 20 | S89: 14000 | T89: PE | U89: 200689890001 | V89: 0 | W89: 12000 | X89: 2000 | Y89: 0 | Z89: 0 | AA89: 0 | AD89: 0 | AM89: 20068989 | AN89: I09180-SUNNINGDALE | AP89: 0 | AQ89: 0 | AR89: 0 | AS89: 0 | AT89: 0 | AU89: 0 | AY89: No | AZ89: W662250 | BA89: 0 | BC89: I09180-SUNNINGDALE | BF89: S0360735
A90: W0680896 | B90: 10000 | C90: 10000 | D90: 45722 | E90: 502LAUGH | F90: 5:32:48 pm | G90: 401180925/3082510U9 | I90: 1 | J90: Yes | K90: 88 | L90: PP24 | M90: 240 | P90: 45720 | R90: 5 | S90: 1200 | T90: PE | U90: 107353930001 | V90: 0 | W90: 1000 | X90: 200 | Y90: 0 | Z90: 0 | AA90: 0 | AD90: 0 | AM90: 10735393 | AN90: I09109 | AP90: 0 | AQ90: 0 | AR90: 0 | AS90: 0 | AT90: 0 | AU90: 0 | AY90: No | AZ90: W662648 | BA90: 0 | BC90: I09109 | BF90: S0360742
A91: W0680899 | B91: 10000 | C91: 10000 | D91: 45722 | E91: 502LAUGH | F91: 5:32:48 pm | G91: 401180925/3082510U9 | I91: 1 | J91: Yes | K91: 88 | L91: PP24 | M91: 4 | P91: 45720 | R91: 5 | S91: 20 | T91: PE | U91: 107353930001 | V91: 0 | W91: 20 | X91: 0 | Y91: 0 | Z91: 0 | AA91: 0 | AD91: 0 | AM91: 10735393 | AN91: I09109 | AP91: 0 | AQ91: 0 | AR91: 0 | AS91: 0 | AT91: 0 | AU91: 0 | AY91: No | AZ91: W662651 | BA91: 0 | BC91: I09109 | BF91: ZSA101754
A92: W0681111 | B92: 10000 | C92: 10000 | D92: 45722 | E92: 502LAUGH | F92: 0.49033565 | G92: 4057S1 | I92: 1 | J92: Yes | K92: 88 | L92: PP24 | M92: 200 | P92: 45720 | R92: 1 | S92: 200 | T92: PE | U92: CONFIDENTIAL QR 0001 | V92: 0 | W92: 200 | X92: 0 | Y92: 0 | Z92: 0 | AA92: 0 | AD92: 0 | AM92: CONFIDENTIAL QR CODE | AN92: N14199 | AP92: 0 | AQ92: 0 | AR92: 0 | AS92: 0 | AT92: 0 | AU92: 0 | AY92: No | AZ92: W662694 | BA92: 0 | BC92: N14199 | BF92: S0359843
A100: =COUNTA(A5:A97) -> 88 | B100: ='3_Mar'!B100+'4-Mar'!A100 -> 207

Sheet 5-Mar
A1: Production Output
A2: Filter: Date Completed: 05/03/25
A4: Work Order No. | B4: Work Order Line No. | C4: WO Journal Line No. | D4: Add Date | E4: Add User | F4: Add Time | G4: Material Batch No. | H4: Die Cut | I4: Process No. | J4: Posted | K4: Machine Code | L4: Staff Code | M4: No. of Press | N4: Date Started | O4: Time Started | P4: Date Completed | Q4: Time Completed | R4: No. of Ups | S4: Printed Quantity | T4: Journal Type | U4: Item Code | V4: Quantity | W4: QC Approved Quantity | X4: Rejected Quantity | Y4: Roll | Z4: Length | AA4: Width | AB4: Length UOM | AC4: Width UOM | AD4: RM Quantity | AE4: Material Code | AF4: Variant Code | AG4: Request Delivery Date | AH4: Non QC Record | AI4: Link to Line No. | AJ4: Related | AK4: Expire Date | AL4: Label Remark | AM4: Customer Part Number | AN4: Customer Code | AO4: ddmm | AP4: Label Packing Quantity 1 | AQ4: Label Quantity 1 | AR4: Label Packing Quantity 2 | AS4: Label Quantity 2 | AT4: Label Packing Quantity 3 | AU4: Label Quantity 3 | AV4: UOM for Label Printing | AW4: QC Inspector | AX4: Summarised Period | AY4: Summarised | AZ4: Posted Work Order No. | BA4: Colour | BB4: Currency | BC4: Ref Customer | BD4: Group | BE4: PO | BF4: Source Doc. No.
A5: W0675403 | B5: 10000 | C5: 40000 | D5: 45730 | E5: 502LAUGH | F5: 8:37:26 am | G5: 10639931087/10639931085/10620258096/10620258095/10620258094 | I5: 3 | J5: Yes | K5: 91 | L5: QM87 | M5: 100000 | P5: 45721 | R5: 9 | S5: 900000 | T5: PE | U5: 5180-0102-BH2120001 | V5: 0 | W5: 892857 | X5: 7143 | Y5: 0 | Z5: 0 | AA5: 0 | AD5: 0 | AM5: 5180-0102-BH212 | AN5: H08031-JIM | AP5: 0 | AQ5: 0 | AR5: 0 | AS5: 0 | AT5: 0 | AU5: 0 | AY5: No | AZ5: W662931 | BA5: 0 | BC5: H08031-JIM | BF5: S0353204
A6: W0676833 | B6: 10000 | C6: 10000 | D6: 45722 | E6: 502LAUGH | F6: 8:43:47 am | G6: 4042448203724 | I6: 1 | J6: Yes | K6: 60 | L6: PM30 | M6: 1500 | P6: 45721 | R6: 8 | S6: 12000 | T6: PE | U6: TPK-847994-00100001 | V6: 0 | W6: 20000 | X6: -8000 | Y6: 0 | Z6: 0 | AA6: 0 | AD6: 0 | AM6: TPK-847994-0010 | AN6: Z26002 | AP6: 0 | AQ6: 0 | AR6: 0 | AS6: 0 | AT6: 0 | AU6: 0 | AY6: No | AZ6: W662410 | BA6: 0 | BC6: Z26002 | BF6: S0355033
A7: W0676970 | B7: 10000 | C7: 10000 | D7: 45721 | E7: 502LAUGH | F7: 4:11:12 pm | G7: SG-5630465 | I7: 1 | J7: Yes | K7: 59 | L7: PS74 | M7: 6225 | P7: 45721 | R7: 2 | S7: 12450 | T7: PE | U7: 112887080001 | V7: 0 | W7: 12450 | X7: 0 | Y7: 0 | Z7: 0 | AA7: 0 | AD7: 0 | AM7: 11288708 | AN7: I09180-US | AP7: 0 | AQ7: 0 | AR7: 0 | AS7: 0 | AT7: 0 | AU7: 0 | AY7: No | AZ7: W662197 | BA7: 0 | BC7: I09180-US | BF7: S0355330
A8: W0676973 | B8: 10000 | C8: 10000 | D8: 45722 | E8: 502LAUGH | F8: 8:37:30 am | G8: SG-5630465 | I8: 1 | J8: Yes | K8: 59 | L8: PS74 | M8: 4150 | P8: 45721 | R8: 2 | S8: 8300 | T8: PE | U8: 112887320001 | V8: 0 | W8: 8300 | X8: 0 | Y8: 0 | Z8: 0 | AA8: 0 | AD8: 0 | AM8: 11288732 | AN8: I09180-US | AP8: 0 | AQ8: 0 | AR8: 0 | AS8: 0 | AT8: 0 | AU8: 0 | AY8: No | AZ8: W662198 | BA8: 0 | BC8: I09180-US | BF8: S0355330
A9: W0677293 | B9: 10000 | C9: 10000 | D9: 45729 | E9: 502LAUGH | F9: 8:34:20 am | G9: JOOTP98411525/J00WA6862 | I9: 1 | J9: Yes | K9: 110 | L9: PM11 | M9: 35500 | P9: 45721 | R9: 4 | S9: 142000 | T9: PE | U9: Z980 REV11.00001 | V9: 0 | W9: 142000 | X9: 0 | Y9: 0 | Z9: 0 | AA9: 0 | AD9: 0 | AM9: Z980 REV11.0 | AN9: R18131 | AP9: 0 | AQ9: 0 | AR9: 0 | AS9: 0 | AT9: 0 | AU9: 0 | AY9: No | AZ9: W662939 | BA9: 0 | BC9: R18131 | BF9: S0355673
A10: W0678764 | B10: 10000 | C10: 10000 | D10: 45722 | E10: 502LAUGH | F10: 8:43:47 am | G10: 4103023U5 | I10: 1 | J10: Yes | K10: 46 | L10: PS66 | M10: 7000 | P10: 45721 | R10: 1 | S10: 7000 | T10: PE | U10: 250-6168-000001 | V10: 0 | W10: 7000 | X10: 0 | Y10: 0 | Z10: 0 | AA10: 0 | AD10: 0 | AM10: 250-6168-00 | AN10: J10025-PHL-SG | AP10: 0 | AQ10: 0 | AR10: 0 | AS10: 0 | AT10: 0 | AU10: 0 | AY10: No | AZ10: W662417 | BA10: 0 | BC10: J10025-PHL-SG | BF10: S0357505
A11: W0678765 | B11: 10000 | C11: 10000 | D11: 45722 | E11: 502LAUGH | F11: 0.53783565 | G11: 4111520U5 | I11: 1 | J11: Yes | K11: 61 | L11: PM61 | M11: 6667 | P11: 45721 | R11: 6 | S11: 40002 | T11: PE | U11: 250-6171-000001 | V11: 0 | W11: 40000 | X11: 2 | Y11: 0 | Z11: 0 | AA11: 0 | AD11: 0 | AM11: 250-6171-00 | AN11: J10025-PHL-SG | AP11: 0 | AQ11: 0 | AR11: 0 | AS11: 0 | AT11: 0 | AU11: 0 | AY11: No | AZ11: W662418 | BA11: 0 | BC11: J10025-PHL-SG | BF11: S0357505
A12: W0678766 | B12: 10000 | C12: 10000 | D12: 45721 | E12: 502LAUGH | F12: 4:40:04 pm | G12: 4111520U5 | I12: 1 | J12: Yes | K12: 61 | L12: PM61 | M12: 6667 | P12: 45721 | R12: 6 | S12: 40002 | T12: PE | U12: 250-6172-000001 | V12: 0 | W12: 40000 | X12: 2 | Y12: 0 | Z12: 0 | AA12: 0 | AD12: 0 | AM12: 250-6172-00 | AN12: J10025-PHL-SG | AP12: 0 | AQ12: 0 | AR12: 0 | AS12: 0 | AT12: 0 | AU12: 0 | AY12: No | AZ12: W662419 | BA12: 0 | BC12: J10025-PHL-SG | BF12: S0357505
A13: W0678981 | B13: 10000 | C13: 10000 | D13: 45722 | E13: 502LAUGH | F13: 8:37:30 am | G13: SG-5630465 | I13: 1 | J13: Yes | K13: 59 | L13: PS74 | M13: 415 | P13: 45721 | R13: 2 | S13: 830 | T13: PE | U13: 112887320001 | V13: 0 | W13: 830 | X13: 0 | Y13: 0 | Z13: 0 | AA13: 0 | AD13: 0 | AM13: 11288732 | AN13: I09180 | AP13: 0 | AQ13: 0 | AR13: 0 | AS13: 0 | AT13: 0 | AU13: 0 | AY13: No | AZ13: W662202 | BA13: 0 | BC13: I09180 | BF13: S0357744
A14: W0679026 | B14: 10000 | C14: 10000 | D14: 45722 | E14: 502LAUGH | F14: 0.53451389 | G14: 4067S1 | I14: 1 | J14: Yes | K14: 78 | L14: PM84 | M14: 2000 | P14: 45721 | R14: 1 | S14: 2000 | T14: PE | U14: 1871210001 | V14: 0 | W14: 1000 | X14: 1000 | Y14: 0 | Z14: 0 | AA14: 0 | AD14: 0 | AM14: 187121 | AN14: P16186 | AP14: 0 | AQ14: 0 | AR14: 0 | AS14: 0 | AT14: 0 | AU14: 0 | AY14: No | AZ14: W662203 | BA14: 0 | BC14: P16186 | BF14: S0357788
A15: W0679026 | B15: 10000 | C15: 20000 | D15: 45722 | E15: 502LAUGH | F15: 0.53453704 | G15: 4067S1 | I15: 2 | J15: Yes | K15: 65 | L15: PMJ7 | M15: 2000 | P15: 45721 | R15: 1 | S15: 2000 | T15: PE | U15: 1871210001 | V15: 0 | W15: 1000 | X15: 1000 | Y15: 0 | Z15: 0 | AA15: 0 | AD15: 0 | AM15: 187121 | AN15: P16186 | AP15: 0 | AQ15: 0 | AR15: 0 | AS15: 0 | AT15: 0 | AU15: 0 | AY15: No | AZ15: W662203 | BA15: 0 | BC15: P16186 | BF15: S0357788
A16: W0679220 | B16: 10000 | C16: 50000 | D16: 45723 | E16: 502LAUGH | F16: 5:25:12 pm | G16: BXB022-02 | I16: 2 | J16: Yes | K16: 62 | L16: PM75 | M16: 35000 | P16: 45721 | R16: 1 | S16: 35000 | T16: PE | U16: Y00-0000928-000001 | V16: 0 | W16: 35000 | X16: 0 | Y16: 0 | Z16: 0 | AA16: 0 | AD16: 0 | AM16: 300-0000396-00 | AN16: F06170-JIANGSU | AP16: 0 | AQ16: 0 | AR16: 0 | AS16: 0 | AT16: 0 | AU16: 0 | AY16: No | AZ16: W662433 | BA16: 0 | BC16: F06170-JIANGSU | BF16: S0357841
A17: W0679251 | B17: 10000 | C17: 10000 | D17: 45721 | E17: 502LAUGH | F17: 0.45724537 | G17: M0BA89700 | I17: 1 | J17: Yes | K17: 12 | L17: PP05 | M17: 2000 | P17: 45721 | R17: 1 | S17: 2000 | T17: PE | U17: 250-0121-000001 | V17: 0 | W17: 2000 | X17: 0 | Y17: 0 | Z17: 0 | AA17: 0 | AD17: 0 | AM17: 250-0121-00 | AN17: J10025 | AP17: 0 | AQ17: 0 | AR17: 0 | AS17: 0 | AT17: 0 | AU17: 0 | AY17: No | AZ17: W662204 | BA17: 0 | BC17: J10025 | BF17: S0357887
A18: W0679330 | B18: 10000 | C18: 30000 | D18: 45721 | E18: 502LAUGH | F18: 2:04:01 pm | G18: 10639931010 | I18: 3 | J18: Yes | K18: 85 | L18: QM78 | M18: 13637 | P18: 45721 | R18: 11 | S18: 150007 | T18: PE | U18: 6ZD61-800010001 | V18: 0 | W18: 140000 | X18: 10007 | Y18: 0 | Z18: 0 | AA18: 0 | AD18: 0 | AM18: 6ZD61-80001 | AN18: H08031-JIM-M | AP18: 0 | AQ18: 0 | AR18: 0 | AS18: 0 | AT18: 0 | AU18: 0 | AY18: No | AZ18: W662494 | BA18: 0 | BC18: H08031-JIM-M | BF18: S0358007
A19: W0679332 | B19: 10000 | C19: 30000 | D19: 45721 | E19: 502LAUGH | F19: 0.45700231 | G19: 10639931094/10639931096 | I19: 3 | J19: Yes | K19: 85 | L19: QM78 | M19: 36364 | P19: 45721 | R19: 11 | S19: 400004 | T19: PE | U19: 3YM56-80009-FT0001 | V19: 0 | W19: 440000 | X19: -39996 | Y19: 0 | Z19: 0 | AA19: 0 | AD19: 0 | AM19: 3YM56-80009-FT | AN19: H08031-JIM-M | AP19: 0 | AQ19: 0 | AR19: 0 | AS19: 0 | AT19: 0 | AU19: 0 | AY19: No | AZ19: W662496 | BA19: 0 | BC19: H08031-JIM-M | BF19: S0358010
A20: W0679350 | B20: 10000 | C20: 30000 | D20: 45722 | E20: 502LAUGH | F20: 8:34:27 am | G20: 10639931012/10639931010 | I20: 3 | J20: Yes | K20: 85 | L20: QM78 | M20: 20000 | P20: 45721 | R20: 11 | S20: 220000 | T20: PE | U20: N9K05-80021-FT0001 | V20: 0 | W20: 200000 | X20: 20000 | Y20: 0 | Z20: 0 | AA20: 0 | AD20: 0 | AM20: N9K05-80021-FT | AN20: H08031-JIM-M | AP20: 0 | AQ20: 0 | AR20: 0 | AS20: 0 | AT20: 0 | AU20: 0 | AY20: No | AZ20: W662437 | BA20: 0 | BC20: H08031-JIM-M | BF20: S0358090
A21: W0679480 | B21: 10000 | C21: 10000 | D21: 45722 | E21: 502LAUGH | F21: 8:32:38 am | G21: BYJ032-04 | I21: 1 | J21: Yes | K21: 71 | L21: PS95 | M21: 1250 | P21: 45721 | R21: 4 | S21: 5000 | T21: PE | U21: 83601840001 | V21: 0 | W21: 5000 | X21: 0 | Y21: 0 | Z21: 0 | AA21: 0 | AD21: 0 | AM21: 8360184 | AN21: B02083 | AP21: 0 | AQ21: 0 | AR21: 0 | AS21: 0 | AT21: 0 | AU21: 0 | AY21: No | AZ21: W662960 | BA21: 0 | BC21: B02083 | BF21: S0358240
A22: W0679481 | B22: 10000 | C22: 10000 | D22: 45722 | E22: 502LAUGH | F22: 8:32:38 am | G22: BYJ032-04 | I22: 1 | J22: Yes | K22: 71 | L22: PS95 | M22: 1250 | P22: 45721 | R22: 4 | S22: 5000 | T22: PE | U22: 83601840001 | V22: 0 | W22: 5000 | X22: 0 | Y22: 0 | Z22: 0 | AA22: 0 | AD22: 0 | AM22: 8360184 | AN22: B02083 | AP22: 0 | AQ22: 0 | AR22: 0 | AS22: 0 | AT22: 0 | AU22: 0 | AY22: No | AZ22: W662961 | BA22: 0 | BC22: B02083 | BF22: S0358241
A23: W0679482 | B23: 10000 | C23: 10000 | D23: 45722 | E23: 502LAUGH | F23: 8:32:38 am | G23: BYJ032-04 | I23: 1 | J23: Yes | K23: 71 | L23: PS95 | M23: 1250 | P23: 45721 | R23: 4 | S23: 5000 | T23: PE | U23: 83601840001 | V23: 0 | W23: 5000 | X23: 0 | Y23: 0 | Z23: 0 | AA23: 0 | AD23: 0 | AM23: 8360184 | AN23: B02083 | AP23: 0 | AQ23: 0 | AR23: 0 | AS23: 0 | AT23: 0 | AU23: 0 | AY23: No | AZ23: W662962 | BA23: 0 | BC23: B02083 | BF23: S0358242
A24: W0679483 | B24: 10000 | C24: 10000 | D24: 45722 | E24: 502LAUGH | F24: 8:33:15 am | G24: BYJ032-04 | I24: 1 | J24: Yes | K24: 71 | L24: PS95 | M24: 1250 | P24: 45721 | R24: 4 | S24: 5000 | T24: PE | U24: 83601840001 | V24: 0 | W24: 5000 | X24: 0 | Y24: 0 | Z24: 0 | AA24: 0 | AD24: 0 | AM24: 8360184 | AN24: B02083 | AP24: 0 | AQ24: 0 | AR24: 0 | AS24: 0 | AT24: 0 | AU24: 0 | AY24: No | AZ24: W662963 | BA24: 0 | BC24: B02083 | BF24: S0358243
A25: W0679522 | B25: 10000 | C25: 30000 | D25: 45722 | E25: 502LAUGH | F25: 8:35:19 am | G25: 10639931010 | I25: 3 | J25: Yes | K25: 85 | L25: QM78 | M25: 10000 | P25: 45721 | R25: 11 | S25: 110000 | T25: PE | U25: N9K05-80021-FT0001 | V25: 0 | W25: 100000 | X25: 10000 | Y25: 0 | Z25: 0 | AA25: 0 | AD25: 0 | AM25: N9K05-80021-FT | AN25: H08031-JIM-M | AP25: 0 | AQ25: 0 | AR25: 0 | AS25: 0 | AT25: 0 | AU25: 0 | AY25: No | AZ25: W662501 | BA25: 0 | BC25: H08031-JIM-M | BF25: S0358298
A26: W0679614 | B26: 10000 | C26: 10000 | D26: 45721 | E26: 502LAUGH | F26: 2:04:33 pm | G26: 4067S1 | I26: 1 | J26: Yes | K26: 12 | L26: PP05 | M26: 1000 | P26: 45721 | R26: 1 | S26: 1000 | T26: PE | U26: 806778 REV4010001 | V26: 0 | W26: 1000 | X26: 0 | Y26: 0 | Z26: 0 | AA26: 0 | AD26: 0 | AM26: 806778 REV401 | AN26: V22000 | AP26: 0 | AQ26: 0 | AR26: 0 | AS26: 0 | AT26: 0 | AU26: 0 | AY26: No | AZ26: W662442 | BA26: 0 | BC26: V22000 | BF26: S0358335
A27: W0679649 | B27: 10000 | C27: 30000 | D27: 45722 | E27: 502LAUGH | F27: 1:40:04 pm | G27: M4B4603BGJAJ119-S248100138/E0531904 | I27: 1 | J27: Yes | K27: 67 | L27: PMJ0 | M27: 50000 | P27: 45721 | R27: 1 | S27: 50000 | T27: PE | U27: 716626800 REVC0001 | V27: 0 | W27: 50000 | X27: 0 | Y27: 0 | Z27: 0 | AA27: 0 | AD27: 0 | AM27: 716626800 REVC | AN27: S19081-TH | AP27: 0 | AQ27: 0 | AR27: 0 | AS27: 0 | AT27: 0 | AU27: 0 | AY27: No | AZ27: W662445 | BA27: 0 | BC27: S19081-TH | BF27: H0064609
A28: W0679650 | B28: 10000 | C28: 20000 | D28: 45722 | E28: 502LAUGH | F28: 1:42:08 pm | G28: 12190705006 | I28: 1 | J28: Yes | K28: 68 | L28: PM35 | M28: 31000 | P28: 45721 | R28: 2 | S28: 62000 | T28: PE | U28: 719007600 REVA0001 | V28: 0 | W28: 62000 | X28: 0 | Y28: 0 | Z28: 0 | AA28: 0 | AD28: 0 | AM28: 719007600 REVA | AN28: S19081-TH | AP28: 0 | AQ28: 0 | AR28: 0 | AS28: 0 | AT28: 0 | AU28: 0 | AY28: No | AZ28: W662446 | BA28: 0 | BC28: S19081-TH | BF28: H0064610
A29: W0679669 | B29: 10000 | C29: 10000 | D29: 45723 | E29: 502LAUGH | F29: 5:22:54 pm | G29: E0801904/M0BSO4470 | I29: 1 | J29: Yes | K29: 87 | L29: PM14 | M29: 20250 | P29: 45721 | R29: 2 | S29: 40500 | T29: PE | U29: 762070100 REVA0001 | V29: 0 | W29: 40500 | X29: 0 | Y29: 0 | Z29: 0 | AA29: 0 | AD29: 0 | AM29: 762070100 REVA | AN29: S19081-TH | AP29: 0 | AQ29: 0 | AR29: 0 | AS29: 0 | AT29: 0 | AU29: 0 | AY29: No | AZ29: W662529 | BA29: 0 | BC29: S19081-TH | BF29: H0064626
A30: W0679750 | B30: 10000 | C30: 10000 | D30: 45721 | E30: 502LAUGH | F30: 4:11:12 pm | G30: 4100S1 | I30: 1 | J30: Yes | K30: 61 | L30: PM68 | M30: 400 | P30: 45721 | R30: 5 | S30: 2000 | T30: PE | U30: 711417 INDEX1000001 | V30: 0 | W30: 2000 | X30: 0 | Y30: 0 | Z30: 0 | AA30: 0 | AD30: 0 | AM30: 711417 INDEX400 | AN30: V22000-RO | AP30: 0 | AQ30: 0 | AR30: 0 | AS30: 0 | AT30: 0 | AU30: 0 | AY30: No | AZ30: W662451 | BA30: 0 | BC30: V22000-RO | BF30: S0358419
A31: W0679823 | B31: 10000 | C31: 20000 | D31: 45727 | E31: 502LAUGH | F31: 8:36:04 am | G31: 10567308043/10567308044/10567308039 | I31: 2 | J31: Yes | K31: 77 | L31: PM74 | M31: 1250 | P31: 45721 | R31: 88 | S31: 110000 | T31: PE | U31: F6V31-80022-FT0001 | V31: 0 | W31: 100000 | X31: 10000 | Y31: 0 | Z31: 0 | AA31: 0 | AD31: 0 | AM31: F6V31-80022-FT | AN31: H08031-JIM-M | AP31: 0 | AQ31: 0 | AR31: 0 | AS31: 0 | AT31: 0 | AU31: 0 | AY31: No | AZ31: W662972 | BA31: 0 | BC31: H08031-JIM-M | BF31: S0358454
A32: W0679824 | B32: 10000 | C32: 20000 | D32: 45727 | E32: 502LAUGH | F32: 8:36:59 am | G32: 10567308043/10567308044/10567308039 | I32: 2 | J32: Yes | K32: 77 | L32: PM74 | M32: 1250 | P32: 45721 | R32: 88 | S32: 110000 | T32: PE | U32: F6V29-80022-FT0001 | V32: 0 | W32: 100000 | X32: 10000 | Y32: 0 | Z32: 0 | AA32: 0 | AD32: 0 | AM32: F6V29-80022-FT | AN32: H08031-JIM-M | AP32: 0 | AQ32: 0 | AR32: 0 | AS32: 0 | AT32: 0 | AU32: 0 | AY32: No | AZ32: W662770 | BA32: 0 | BC32: H08031-JIM-M | BF32: S0358455
A33: W0679825 | B33: 10000 | C33: 20000 | D33: 45727 | E33: 502LAUGH | F33: 8:38:14 am | G33: 10567308043/10567308044/10567308039 | I33: 2 | J33: Yes | K33: 77 | L33: PM74 | M33: 1250 | P33: 45721 | R33: 88 | S33: 110000 | T33: PE | U33: N9K04-80019-FT0001 | V33: 0 | W33: 100000 | X33: 10000 | Y33: 0 | Z33: 0 | AA33: 0 | AD33: 0 | AM33: N9K04-80019-FT | AN33: H08031-JIM-M | AP33: 0 | AQ33: 0 | AR33: 0 | AS33: 0 | AT33: 0 | AU33: 0 | AY33: No | AZ33: W662541 | BA33: 0 | BC33: H08031-JIM-M | BF33: S0358456
A34: W0679827 | B34: 10000 | C34: 20000 | D34: 45727 | E34: 502LAUGH | F34: 8:40:08 am | G34: 10567308043/10567308044/10567308039 | I34: 2 | J34: Yes | K34: 77 | L34: PM74 | M34: 1250 | P34: 45721 | R34: 88 | S34: 110000 | T34: PE | U34: 3YM73-80008-FT0001 | V34: 0 | W34: 100000 | X34: 10000 | Y34: 0 | Z34: 0 | AA34: 0 | AD34: 0 | AM34: 3YM73-80008-FT | AN34: H08031-JIM-M | AP34: 0 | AQ34: 0 | AR34: 0 | AS34: 0 | AT34: 0 | AU34: 0 | AY34: No | AZ34: W662973 | BA34: 0 | BC34: H08031-JIM-M | BF34: S0358458
A35: W0679828 | B35: 10000 | C35: 20000 | D35: 45727 | E35: 502LAUGH | F35: 8:39:07 am | G35: 10567308043/10567308044/10567308039 | I35: 2 | J35: Yes | K35: 77 | L35: PM74 | M35: 1250 | P35: 45721 | R35: 88 | S35: 110000 | T35: PE | U35: F6U62-80030-FT0001 | V35: 0 | W35: 100000 | X35: 10000 | Y35: 0 | Z35: 0 | AA35: 0 | AD35: 0 | AM35: F6U62-80030-FT | AN35: H08031-JIM-M | AP35: 0 | AQ35: 0 | AR35: 0 | AS35: 0 | AT35: 0 | AU35: 0 | AY35: No | AZ35: W662771 | BA35: 0 | BC35: H08031-JIM-M | BF35: S0358459
A36: W0679834 | B36: 10000 | C36: 20000 | D36: 45727 | E36: 502LAUGH | F36: 8:42:11 am | G36: 10567308043/10567308044/10567308039 | I36: 2 | J36: Yes | K36: 77 | L36: PM74 | M36: 1250 | P36: 45721 | R36: 88 | S36: 110000 | T36: PE | U36: F6U66-80033-FT0001 | V36: 0 | W36: 100000 | X36: 10000 | Y36: 0 | Z36: 0 | AA36: 0 | AD36: 0 | AM36: F6U66-80033-FT | AN36: H08031-JIM-M | AP36: 0 | AQ36: 0 | AR36: 0 | AS36: 0 | AT36: 0 | AU36: 0 | AY36: No | AZ36: W662773 | BA36: 0 | BC36: H08031-JIM-M | BF36: S0358463
A37: W0679837 | B37: 10000 | C37: 20000 | D37: 45727 | E37: 502LAUGH | F37: 8:43:01 am | G37: 10567308043/10567308044/10567308039 | I37: 2 | J37: Yes | K37: 77 | L37: PM74 | M37: 1250 | P37: 45721 | R37: 88 | S37: 110000 | T37: PE | U37: N9K06-80021-FT0001 | V37: 0 | W37: 100000 | X37: 10000 | Y37: 0 | Z37: 0 | AA37: 0 | AD37: 0 | AM37: N9K06-80021-FT | AN37: H08031-JIM-M | AP37: 0 | AQ37: 0 | AR37: 0 | AS37: 0 | AT37: 0 | AU37: 0 | AY37: No | AZ37: W662774 | BA37: 0 | BC37: H08031-JIM-M | BF37: S0358466
A38: W0679838 | B38: 10000 | C38: 20000 | D38: 45727 | E38: 502LAUGH | F38: 8:41:23 am | G38: 10567308043/10567308044/10567308039 | I38: 2 | J38: Yes | K38: 77 | L38: PM74 | M38: 2500 | P38: 45721 | R38: 88 | S38: 220000 | T38: PE | U38: CH561-80123-FT0001 | V38: 0 | W38: 200000 | X38: 20000 | Y38: 0 | Z38: 0 | AA38: 0 | AD38: 0 | AM38: CH561-80123-FT | AN38: H08031-JIM-M | AP38: 0 | AQ38: 0 | AR38: 0 | AS38: 0 | AT38: 0 | AU38: 0 | AY38: No | AZ38: W662775 | BA38: 0 | BC38: H08031-JIM-M | BF38: S0358467
A39: W0679874 | B39: 10000 | C39: 10000 | D39: 45722 | E39: 502LAUGH | F39: 1:36:34 pm | G39: M4B4603BGJAJ115-S248100140/E0926912 | I39: 1 | J39: Yes | K39: 75 | L39: QC04 | M39: 18462 | P39: 45721 | R39: 13 | S39: 240006 | T39: PE | U39: 723009600 REVA0001 | V39: 0 | W39: 240000 | X39: 6 | Y39: 0 | Z39: 0 | AA39: 0 | AD39: 0 | AM39: 723009600 REVA | AN39: S19081-TH | AP39: 0 | AQ39: 0 | AR39: 0 | AS39: 0 | AT39: 0 | AU39: 0 | AY39: No | AZ39: W662546 | BA39: 0 | BC39: S19081-TH | BF39: H0064642
A40: W0679910 | B40: 10000 | C40: 10000 | D40: 45722 | E40: 502LAUGH | F40: 8:43:47 am | G40: 4111520U5 | I40: 1 | J40: Yes | K40: 22 | L40: PS13 | M40: 3500 | P40: 45721 | R40: 2 | S40: 7000 | T40: PE | U40: 260-6604-000001 | V40: 0 | W40: 7000 | X40: 0 | Y40: 0 | Z40: 0 | AA40: 0 | AD40: 0 | AM40: 260-6604-00 | AN40: J10025 | AP40: 0 | AQ40: 0 | AR40: 0 | AS40: 0 | AT40: 0 | AU40: 0 | AY40: No | AZ40: W662550 | BA40: 0 | BC40: J10025 | BF40: S0358484
... A46: W0680105 | B46: 10000 | C46: 10000 | D46: 45723 | E46: 502LAUGH | F46: 5:23:26 pm | G46: M0BTH2362 | I46: 1 | J46: Yes | K46: 70 | L46: PS84 | M46: 22500 | P46: 45721 | R46: 4 | S46: 90000 | T46: PE | U46: 100475038 REVA0001 | V46: 0 | W46: 90000 | X46: 0 | Y46: 0 | Z46: 0 | AA46: 0 | AD46: 0 | AM46: 100475038 REVB | AN46: S19314 | AP46: 0 | AQ46: 0 | AR46: 0 | AS46: 0 | AT46: 0 | AU46: 0 | AY46: No | AZ46: W662584 | BA46: 0 | BC46: S19314 | BF46: H0064648
A47: W0680247 | B47: 10000 | C47: 20000 | D47: 45722 | E47: 502LAUGH | F47: 8:42:30 am | G47: 501222196 | I47: 3 | J47: Yes | K47: 60 | L47: PM30 | M47: 10000 | P47: 45721 | R47: 5 | S47: 50000 | T47: PE | U47: Q.C. ACCEPTED LA0001 | V47: 0 | W47: 40000 | X47: 10000 | Y47: 0 | Z47: 0 | AA47: 0 | AD47: 0 | AM47: Q.C. ACCEPTED LABEL | AN47: S19254 | AP47: 0 | AQ47: 0 | AR47: 0 | AS47: 0 | AT47: 0 | AU47: 0 | AY47: No | AZ47: W662217 | BA47: 0 | BC47: S19254 | BF47: S0359019
A48: W0680253 | B48: 10000 | C48: 10000 | D48: 45722 | E48: 502LAUGH | F48: 0.53646991 | G48: 4275S1 | I48: 1 | J48: Yes | K48: 78 | L48: PM84 | M48: 500 | P48: 45721 | R48: 1 | S48: 500 | T48: PE | U48: 2X0.8-3M78710001 | V48: 0 | W48: 500 | X48: 0 | Y48: 0 | Z48: 0 | AA48: 0 | AD48: 0 | AM48: 2X0.8-3M7871 | AN48: R18111 | AP48: 0 | AQ48: 0 | AR48: 0 | AS48: 0 | AT48: 0 | AU48: 0 | AY48: No | AZ48: W662590 | BA48: 0 | BC48: R18111 | BF48: S0359025
A49: W0680253 | B49: 20000 | C49: 10000 | D49: 45722 | E49: 502LAUGH | F49: 0.53646991 | G49: 4275S1 | I49: 1 | J49: Yes | K49: 78 | L49: PM84 | M49: 500 | P49: 45721 | R49: 1 | S49: 500 | T49: PE | U49: 2X0.8-3M78710001 | V49: 0 | W49: 500 | X49: 0 | Y49: 0 | Z49: 0 | AA49: 0 | AD49: 0 | AM49: 2X0.8-3M7871 | AN49: R18111 | AP49: 0 | AQ49: 0 | AR49: 0 | AS49: 0 | AT49: 0 | AU49: 0 | AY49: No | AZ49: W662590 | BA49: 0 | BC49: R18111 | BF49: S0359025
A50: W0680253 | B50: 30000 | C50: 10000 | D50: 45722 | E50: 502LAUGH | F50: 0.53646991 | G50: 4275S1 | I50: 1 | J50: Yes | K50: 78 | L50: PM84 | M50: 500 | P50: 45721 | R50: 1 | S50: 500 | T50: PE | U50: 2X0.8-3M78710001 | V50: 0 | W50: 500 | X50: 0 | Y50: 0 | Z50: 0 | AA50: 0 | AD50: 0 | AM50: 2X0.8-3M7871 | AN50: R18111 | AP50: 0 | AQ50: 0 | AR50: 0 | AS50: 0 | AT50: 0 | AU50: 0 | AY50: No | AZ50: W662590 | BA50: 0 | BC50: R18111 | BF50: S0359025
A51: W0680253 | B51: 40000 | C51: 10000 | D51: 45722 | E51: 502LAUGH | F51: 0.53646991 | G51: 4275S1 | I51: 1 | J51: Yes | K51: 78 | L51: PM84 | M51: 500 | P51: 45721 | R51: 1 | S51: 500 | T51: PE | U51: 2X0.8-3M78710001 | V51: 0 | W51: 500 | X51: 0 | Y51: 0 | Z51: 0 | AA51: 0 | AD51: 0 | AM51: 2X0.8-3M7871 | AN51: R18111 | AP51: 0 | AQ51: 0 | AR51: 0 | AS51: 0 | AT51: 0 | AU51: 0 | AY51: No | AZ51: W662590 | BA51: 0 | BC51: R18111 | BF51: S0359025
A52: W0680400 | B52: 10000 | C52: 20000 | D52: 45721 | E52: 502LAUGH | F52: 2:52:08 pm | G52: M0BVD0511 | I52: 2 | J52: Yes | K52: 71 | L52: PS95 | M52: 1167 | P52: 45721 | R52: 90 | S52: 105030 | T52: PE | U52: 107-54006900001 | V52: 0 | W52: 105000 | X52: 30 | Y52: 0 | Z52: 0 | AA52: 0 | AD52: 0 | AM52: 107-5400690 | AN52: K11180 | AP52: 0 | AQ52: 0 | AR52: 0 | AS52: 0 | AT52: 0 | AU52: 0 | AY52: No | AZ52: W662601 | BA52: 0 | BC52: K11180 | BF52: S0359211
A53: W0680401 | B53: 10000 | C53: 20000 | D53: 45722 | E53: 502LAUGH | F53: 3:02:32 pm | G53: T09UF72101525 | I53: 2 | J53: Yes | K53: 105 | L53: PM87 | M53: 100 | P53: 45721 | R53: 1 | S53: 100 | T53: PE | U53: T8-S-309717-R0001 | V53: 0 | W53: 50 | X53: 50 | Y53: 0 | Z53: 0 | AA53: 0 | AD53: 0 | AM53: T8-S-309717-R | AN53: G07042 | AP53: 0 | AQ53: 0 | AR53: 0 | AS53: 0 | AT53: 0 | AU53: 0 | AY53: No | AZ53: W662602 | BA53: 0 | BC53: G07042 | BF53: ZSA101747
A54: W0680409 | B54: 10000 | C54: 10000 | D54: 45722 | E54: 502LAUGH | F54: 1:34:44 pm | G54: 501222196 | I54: 1 | J54: Yes | K54: 72 | L54: PM17 | M54: 1182 | P54: 45721 | R54: 3 | S54: 3545 | T54: PE | U54: LBL-DELTAMETHRIN0001 | V54: 0 | W54: 2020 | X54: 1525 | Y54: 0 | Z54: 0 | AA54: 0 | AD54: 0 | AM54: LBL-DELTAMETHRIN 1.5 | AN54: A01248 | AP54: 0 | AQ54: 0 | AR54: 0 | AS54: 0 | AT54: 0 | AU54: 0 | AY54: No | AZ54: W662605 | BA54: 0 | BC54: A01248 | BF54: S0359220
A55: W0680409 | B55: 20000 | C55: 10000 | D55: 45722 | E55: 502LAUGH | F55: 1:34:44 pm | G55: 501222196 | I55: 1 | J55: Yes | K55: 72 | L55: PM17 | M55: 68 | P55: 45721 | R55: 3 | S55: 205 | T55: PE | U55: LBL-DELTAMETHRIN0001 | V55: 0 | W55: 205 | X55: 0 | Y55: 0 | Z55: 0 | AA55: 0 | AD55: 0 | AM55: LBL-DELTAMETHRIN 1.5 | AN55: A01248 | AP55: 0 | AQ55: 0 | AR55: 0 | AS55: 0 | AT55: 0 | AU55: 0 | AY55: No | AZ55: W662605 | BA55: 0 | BC55: A01248 | BF55: S0359220
A56: W0680416 | B56: 10000 | C56: 10000 | D56: 45722 | E56: 502LAUGH | F56: 8:41:34 am | G56: U530352052/5501241326 | I56: 1 | J56: Yes | K56: 32 | L56: PM26 | M56: 5860 | P56: 45721 | R56: 1 | S56: 5860 | T56: PE | U56: 250-5313-000001 | V56: 0 | W56: 5360 | X56: 500 | Y56: 0 | Z56: 0 | AA56: 0 | AD56: 0 | AM56: 250-5313-00 | AN56: J10025 | AP56: 0 | AQ56: 0 | AR56: 0 | AS56: 0 | AT56: 0 | AU56: 0 | AY56: No | AZ56: W662994 | BA56: 0 | BC56: J10025 | BF56: S0359223
A57: W0680420 | B57: 10000 | C57: 10000 | D57: 45722 | E57: 502LAUGH | F57: 8:41:34 am | G57: U530352052/5501241326 | I57: 1 | J57: Yes | K57: 32 | L57: PM26 | M57: 5860 | P57: 45721 | R57: 1 | S57: 5860 | T57: PE | U57: 250-5313-000001 | V57: 0 | W57: 5360 | X57: 500 | Y57: 0 | Z57: 0 | AA57: 0 | AD57: 0 | AM57: 250-5313-00 | AN57: J10025 | AP57: 0 | AQ57: 0 | AR57: 0 | AS57: 0 | AT57: 0 | AU57: 0 | AY57: No | AZ57: W662998 | BA57: 0 | BC57: J10025 | BF57: S0359224
A58: W0680427 | B58: 10000 | C58: 10000 | D58: 45723 | E58: 502LAUGH | F58: 0.4740162 | G58: U4B1958052 | I58: 1 | J58: Yes | K58: 72 | L58: PM17 | M58: 5920 | P58: 45721 | R58: 3 | S58: 17760 | T58: PE | U58: SIGA-1000 ML0001 | V58: 0 | W58: 15520 | X58: 2240 | Y58: 0 | Z58: 0 | AA58: 0 | AD58: 0 | AM58: SIGA-1000 ML | AN58: A01248 | AP58: 0 | AQ58: 0 | AR58: 0 | AS58: 0 | AT58: 0 | AU58: 0 | AY58: No | AZ58: W662606 | BA58: 0 | BC58: A01248 | BF58: S0359229
A59: W0680427 | B59: 20000 | C59: 10000 | D59: 45723 | E59: 502LAUGH | F59: 0.4740162 | G59: U4B1958052 | I59: 1 | J59: Yes | K59: 72 | L59: PM17 | M59: 430 | P59: 45721 | R59: 3 | S59: 1290 | T59: PE | U59: SIGA-1000 ML0001 | V59: 0 | W59: 1290 | X59: 0 | Y59: 0 | Z59: 0 | AA59: 0 | AD59: 0 | AM59: SIGA-1000 ML | AN59: A01248 | AP59: 0 | AQ59: 0 | AR59: 0 | AS59: 0 | AT59: 0 | AU59: 0 | AY59: No | AZ59: W662606 | BA59: 0 | BC59: A01248 | BF59: S0359229
A60: W0680428 | B60: 10000 | C60: 10000 | D60: 45722 | E60: 502LAUGH | F60: 1:35:40 pm | G60: U4B1958052 | I60: 1 | J60: Yes | K60: 72 | L60: PM17 | M60: 2410 | P60: 45721 | R60: 3 | S60: 7230 | T60: PE | U60: SIGA-500 ML0001 | V60: 0 | W60: 5180 | X60: 2050 | Y60: 0 | Z60: 0 | AA60: 0 | AD60: 0 | AM60: SIGA-500 ML | AN60: A01248 | AP60: 0 | AQ60: 0 | AR60: 0 | AS60: 0 | AT60: 0 | AU60: 0 | AY60: No | AZ60: W662607 | BA60: 0 | BC60: A01248 | BF60: S0359229
A61: W0680428 | B61: 20000 | C61: 10000 | D61: 45722 | E61: 502LAUGH | F61: 1:35:40 pm | G61: U4B1958052 | I61: 1 | J61: Yes | K61: 72 | L61: PM17 | M61: 90 | P61: 45721 | R61: 3 | S61: 270 | T61: PE | U61: SIGA-500 ML0001 | V61: 0 | W61: 270 | X61: 0 | Y61: 0 | Z61: 0 | AA61: 0 | AD61: 0 | AM61: SIGA-500 ML | AN61: A01248 | AP61: 0 | AQ61: 0 | AR61: 0 | AS61: 0 | AT61: 0 | AU61: 0 | AY61: No | AZ61: W662607 | BA61: 0 | BC61: A01248 | BF61: S0359229
A62: W0680430 | B62: 10000 | C62: 20000 | D62: 45721 | E62: 502LAUGH | F62: 0.48063657 | G62: 501222196 | I62: 2 | J62: Yes | K62: 71 | L62: PS95 | M62: 667 | P62: 45721 | R62: 15 | S62: 10005 | T62: PE | U62: SQUEEZED LEMON0001 | V62: 0 | W62: 10000 | X62: 5 | Y62: 0 | Z62: 0 | AA62: 0 | AD62: 0 | AM62: SQUEEZED LEMON | AN62: H08138 | AP62: 0 | AQ62: 0 | AR62: 0 | AS62: 0 | AT62: 0 | AU62: 0 | AY62: No | AZ62: W662220 | BA62: 0 | BC62: H08138 | BF62: S0359231
A63: W0680433 | B63: 10000 | C63: 20000 | D63: 45721 | E63: 502LAUGH | F63: 4:40:04 pm | G63: 4067S1 | I63: 1 | J63: Yes | K63: 12 | L63: PP05 | M63: 500 | P63: 45721 | R63: 2 | S63: 1000 | T63: PE | U63: 717742 INDEX4070001 | V63: 0 | W63: 1000 | X63: 0 | Y63: 0 | Z63: 0 | AA63: 0 | AD63: 0 | AM63: 717742 INDEX407 | AN63: V22000 | AP63: 0 | AQ63: 0 | AR63: 0 | AS63: 0 | AT63: 0 | AU63: 0 | AY63: No | AZ63: W662221 | BA63: 0 | BC63: V22000 | BF63: S0359233
A64: W0680470 | B64: 10000 | C64: 10000 | D64: 45722 | E64: 502LAUGH | F64: 8:38:57 am | G64: 41E8C3A182R | I64: 1 | J64: Yes | K64: 31 | L64: PS27 | M64: 500 | P64: 45721 | R64: 1 | S64: 500 | T64: PE | U64: XTR-140.1991.10-0001 | V64: 0 | W64: 500 | X64: 0 | Y64: 0 | Z64: 0 | AA64: 0 | AD64: 0 | AM64: XTR-140.1991.10-S | AN64: L12161 | AP64: 0 | AQ64: 0 | AR64: 0 | AS64: 0 | AT64: 0 | AU64: 0 | AY64: No | AZ64: W663001 | BA64: 0 | BC64: L12161 | BF64: S0359265
A65: W0680471 | B65: 10000 | C65: 10000 | D65: 45722 | E65: 502LAUGH | F65: 8:38:57 am | G65: 41E8C3A182R | I65: 1 | J65: Yes | K65: 31 | L65: PS27 | M65: 500 | P65: 45721 | R65: 1 | S65: 500 | T65: PE | U65: XTR-140.1878.13-0001 | V65: 0 | W65: 500 | X65: 0 | Y65: 0 | Z65: 0 | AA65: 0 | AD65: 0 | AM65: XTR-140.1878.13-S | AN65: L12161 | AP65: 0 | AQ65: 0 | AR65: 0 | AS65: 0 | AT65: 0 | AU65: 0 | AY65: No | AZ65: W663002 | BA65: 0 | BC65: L12161 | BF65: S0359266
A66: W0680472 | B66: 10000 | C66: 10000 | D66: 45722 | E66: 502LAUGH | F66: 8:39:53 am | G66: 41E8C3A182R | I66: 1 | J66: Yes | K66: 31 | L66: PS27 | M66: 1000 | P66: 45721 | R66: 1 | S66: 1000 | T66: PE | U66: XTR-140.1879.14-0001 | V66: 0 | W66: 1000 | X66: 0 | Y66: 0 | Z66: 0 | AA66: 0 | AD66: 0 | AM66: XTR-140.1879.14-S | AN66: L12161 | AP66: 0 | AQ66: 0 | AR66: 0 | AS66: 0 | AT66: 0 | AU66: 0 | AY66: No | AZ66: W663003 | BA66: 0 | BC66: L12161 | BF66: S0359266
A67: W0680473 | B67: 10000 | C67: 10000 | D67: 45722 | E67: 502LAUGH | F67: 8:38:57 am | G67: 41E8C3A182R | I67: 1 | J67: Yes | K67: 31 | L67: PS27 | M67: 500 | P67: 45721 | R67: 1 | S67: 500 | T67: PE | U67: XTR-140.1893.12-0001 | V67: 0 | W67: 500 | X67: 0 | Y67: 0 | Z67: 0 | AA67: 0 | AD67: 0 | AM67: XTR-140.1893.12-S | AN67: L12161 | AP67: 0 | AQ67: 0 | AR67: 0 | AS67: 0 | AT67: 0 | AU67: 0 | AY67: No | AZ67: W663004 | BA67: 0 | BC67: L12161 | BF67: S0359267
A68: W0680484 | B68: 10000 | C68: 20000 | D68: 45737 | E68: 502LAUGH | F68: 0.48414352 | G68: 10620258036/10620258032/106202568030 | I68: 1 | J68: Yes | K68: 79 | L68: PM16 | M68: 3594 | P68: 45721 | R68: 64 | S68: 230016 | T68: PE | U68: N9J89-80007-BH180001 | V68: 0 | W68: 200000 | X68: 30016 | Y68: 0 | Z68: 0 | AA68: 0 | AD68: 0 | AM68: N9J89-80007-BH184 | AN68: H08031-JIM-M | AP68: 0 | AQ68: 0 | AR68: 0 | AS68: 0 | AT68: 0 | AU68: 0 | AY68: No | AZ68: W663580 | BA68: 0 | BC68: H08031-JIM-M | BF68: S0359278
A69: W0680488 | B69: 10000 | C69: 20000 | D69: 45727 | E69: 502LAUGH | F69: 8:33:21 am | G69: 10567308043/10567308044/10567308039 | I69: 2 | J69: Yes | K69: 77 | L69: PM74 | M69: 1250 | P69: 45721 | R69: 88 | S69: 110000 | T69: PE | U69: C2P10-80010-FT0001 | V69: 0 | W69: 100000 | X69: 10000 | Y69: 0 | Z69: 0 | AA69: 0 | AD69: 0 | AM69: C2P10-80010-FT | AN69: H08031-JIM-M | AP69: 0 | AQ69: 0 | AR69: 0 | AS69: 0 | AT69: 0 | AU69: 0 | AY69: No | AZ69: W663008 | BA69: 0 | BC69: H08031-JIM-M | BF69: S0359282
A70: W0680489 | B70: 10000 | C70: 10000 | D70: 45734 | E70: 502LAUGH | F70: 8:37:51 am | G70: 10620258034/10620258035/10620258033 | I70: 1 | J70: Yes | K70: 79 | L70: PM16 | M70: 3594 | P70: 45721 | R70: 64 | S70: 230016 | T70: PE | U70: N9J90-80007-FT0001 | V70: 0 | W70: 200000 | X70: 30016 | Y70: 0 | Z70: 0 | AA70: 0 | AD70: 0 | AM70: N9J90-80007-FT | AN70: H08031-JIM-M | AP70: 0 | AQ70: 0 | AR70: 0 | AS70: 0 | AT70: 0 | AU70: 0 | AY70: No | AZ70: W663009 | BA70: 0 | BC70: H08031-JIM-M | BF70: S0359283
A71: W0680490 | B71: 10000 | C71: 20000 | D71: 45726 | E71: 502LAUGH | F71: 0.48101852 | G71: 10639931011 | I71: 2 | J71: Yes | K71: 77 | L71: PM74 | M71: 1364 | P71: 45721 | R71: 66 | S71: 90024 | T71: PE | U71: E5Z02-80008-FT0001 | V71: 0 | W71: 80000 | X71: 10024 | Y71: 0 | Z71: 0 | AA71: 0 | AD71: 0 | AM71: E5Z02-80008-FT | AN71: H08031-JIM-M | AP71: 0 | AQ71: 0 | AR71: 0 | AS71: 0 | AT71: 0 | AU71: 0 | AY71: No | AZ71: W662612 | BA71: 0 | BC71: H08031-JIM-M | BF71: S0359284
A72: W0680492 | B72: 10000 | C72: 20000 | D72: 45727 | E72: 502LAUGH | F72: 8:34:49 am | G72: 10567308043/10567308044/10567308039 | I72: 2 | J72: Yes | K72: 77 | L72: PM74 | M72: 1250 | P72: 45721 | R72: 88 | S72: 110000 | T72: PE | U72: CH563-80125-FT0001 | V72: 0 | W72: 100000 | X72: 10000 | Y72: 0 | Z72: 0 | AA72: 0 | AD72: 0 | AM72: CH563-80125-FT | AN72: H08031-JIM-M | AP72: 0 | AQ72: 0 | AR72: 0 | AS72: 0 | AT72: 0 | AU72: 0 | AY72: No | AZ72: W663011 | BA72: 0 | BC72: H08031-JIM-M | BF72: S0359286
A73: W0680495 | B73: 10000 | C73: 10000 | D73: 45735 | E73: 505KANGHS | F73: 8:37:16 am | G73: 10620258036/10620258032/10620258030 | I73: 1 | J73: Yes | K73: 79 | L73: PM16 | M73: 3594 | P73: 45721 | R73: 32 | S73: 115008 | T73: PE | U73: CH564-80132-FT0001 | V73: 0 | W73: 100000 | X73: 15008 | Y73: 0 | Z73: 0 | AA73: 0 | AD73: 0 | AM73: CH564-80132-FT | AN73: H08031-JIM-M | AP73: 0 | AQ73: 0 | AR73: 0 | AS73: 0 | AT73: 0 | AU73: 0 | AY73: No | AZ73: W663013 | BA73: 0 | BC73: H08031-JIM-M | BF73: S0359289
A74: W0680496 | B74: 10000 | C74: 20000 | D74: 45721 | E74: 502LAUGH | F74: 2:50:59 pm | G74: 10639931005 | I74: 2 | J74: Yes | K74: 77 | L74: PM74 | M74: 2500 | P74: 45721 | R74: 88 | S74: 220000 | T74: PE | U74: 6ZD61-800010001 | V74: 0 | W74: 200000 | X74: 20000 | Y74: 0 | Z74: 0 | AA74: 0 | AD74: 0 | AM74: 6ZD61-80001 | AN74: H08031-JIM-M | AP74: 0 | AQ74: 0 | AR74: 0 | AS74: 0 | AT74: 0 | AU74: 0 | AY74: No | AZ74: W662613 | BA74: 0 | BC74: H08031-JIM-M | BF74: S0359291
A75: W0680496 | B75: 10000 | C75: 30000 | D75: 45721 | E75: 502LAUGH | F75: 2:50:59 pm | G75: 10639931005 | I75: 3 | J75: Yes | K75: 85 | L75: QM78 | M75: 20000 | P75: 45721 | R75: 11 | S75: 220000 | T75: PE | U75: 6ZD61-800010001 | V75: 0 | W75: 200000 | X75: 20000 | Y75: 0 | Z75: 0 | AA75: 0 | AD75: 0 | AM75: 6ZD61-80001 | AN75: H08031-JIM-M | AP75: 0 | AQ75: 0 | AR75: 0 | AS75: 0 | AT75: 0 | AU75: 0 | AY75: No | AZ75: W662613 | BA75: 0 | BC75: H08031-JIM-M | BF75: S0359291
A76: W0680497 | B76: 10000 | C76: 30000 | D76: 45722 | E76: 502LAUGH | F76: 8:36:29 am | G76: D007Y0330/D007Y0280 | I76: 3 | J76: Yes | K76: 101 | L76: QM54 | M76: 62000 | P76: 45721 | R76: 5 | S76: 310000 | T76: PE | U76: 6ZE04-80002-FT0001 | V76: 0 | W76: 325000 | X76: -15000 | Y76: 0 | Z76: 0 | AA76: 0 | AD76: 0 | AM76: 6ZE04-80002-FT | AN76: H08031-JIM-M | AP76: 0 | AQ76: 0 | AR76: 0 | AS76: 0 | AT76: 0 | AU76: 0 | AY76: No | AZ76: W663583 | BA76: 0 | BC76: H08031-JIM-M | BF76: S0359292
A77: W0680499 | B77: 10000 | C77: 10000 | D77: 45734 | E77: 502LAUGH | F77: 8:38:50 am | G77: 10620258034/10620258035/10620258033 | I77: 1 | J77: Yes | K77: 79 | L77: PM16 | M77: 3594 | P77: 45721 | R77: 64 | S77: 230016 | T77: PE | U77: 3YM38-80003-FT0001 | V77: 0 | W77: 200000 | X77: 30016 | Y77: 0 | Z77: 0 | AA77: 0 | AD77: 0 | AM77: 3YM38-80003-FT | AN77: H08031-JIM-M | AP77: 0 | AQ77: 0 | AR77: 0 | AS77: 0 | AT77: 0 | AU77: 0 | AY77: No | AZ77: W663015 | BA77: 0 | BC77: H08031-JIM-M | BF77: S0359294
A78: W0680505 | B78: 10000 | C78: 10000 | D78: 45734 | E78: 502LAUGH | F78: 8:39:51 am | G78: 10620258034/10620258035/10620258033 | I78: 1 | J78: Yes | K78: 79 | L78: PM16 | M78: 3594 | P78: 45721 | R78: 64 | S78: 230016 | T78: PE | U78: 3YM54-80005-FT0001 | V78: 0 | W78: 200000 | X78: 30016 | Y78: 0 | Z78: 0 | AA78: 0 | AD78: 0 | AM78: 3YM54-80005-FT | AN78: H08031-JIM-M | AP78: 0 | AQ78: 0 | AR78: 0 | AS78: 0 | AT78: 0 | AU78: 0 | AY78: No | AZ78: W663017 | BA78: 0 | BC78: H08031-JIM-M | BF78: S0359300
A79: W0680519 | B79: 10000 | C79: 10000 | D79: 45721 | E79: 502LAUGH | F79: 5:41:19 pm | G79: 4136S1 | I79: 1 | J79: Yes | K79: 61 | L79: PM68 | M79: 200 | P79: 45721 | R79: 5 | S79: 1000 | T79: PE | U79: 704845 INDEX000001 | V79: 0 | W79: 1000 | X79: 0 | Y79: 0 | Z79: 0 | AA79: 0 | AD79: 0 | AM79: 704845 INDEX00 | AN79: V22000 | AP79: 0 | AQ79: 0 | AR79: 0 | AS79: 0 | AT79: 0 | AU79: 0 | AY79: No | AZ79: W662614 | BA79: 0 | BC79: V22000 | BF79: S0359311
A80: W0680538 | B80: 10000 | C80: 10000 | D80: 45737 | E80: 502LAUGH | F80: 0.48414352 | G80: 10620258034/10620258035/10620258033 | I80: 1 | J80: Yes | K80: 79 | L80: PM16 | M80: 3594 | P80: 45721 | R80: 32 | S80: 115008 | T80: PE | U80: F6U64-80027-FT0001 | V80: 0 | W80: 100000 | X80: 15008 | Y80: 0 | Z80: 0 | AA80: 0 | AD80: 0 | AM80: F6U64-80027-FT | AN80: H08031-JIM-M | AP80: 0 | AQ80: 0 | AR80: 0 | AS80: 0 | AT80: 0 | AU80: 0 | AY80: No | AZ80: W663588 | BA80: 0 | BC80: H08031-JIM-M | BF80: S0359320
A81: W0680540 | B81: 10000 | C81: 10000 | D81: 45737 | E81: 502LAUGH | F81: 0.48471065 | G81: 10620258034/10620258035/10620258033 | I81: 1 | J81: Yes | K81: 79 | L81: PM16 | M81: 3594 | P81: 45721 | R81: 32 | S81: 115008 | T81: PE | U81: F6U62-80030-FT0001 | V81: 0 | W81: 100000 | X81: 15008 | Y81: 0 | Z81: 0 | AA81: 0 | AD81: 0 | AM81: F6U62-80030-FT | AN81: H08031-JIM-M | AP81: 0 | AQ81: 0 | AR81: 0 | AS81: 0 | AT81: 0 | AU81: 0 | AY81: No | AZ81: W663590 | BA81: 0 | BC81: H08031-JIM-M | BF81: S0359322
A82: W0680544 | B82: 10000 | C82: 10000 | D82: 45734 | E82: 502LAUGH | F82: 8:36:59 am | G82: 10620258034/10620258035/10620258033 | I82: 1 | J82: Yes | K82: 79 | L82: PM16 | M82: 3594 | P82: 45721 | R82: 32 | S82: 115008 | T82: PE | U82: N9K06-80021-FT0001 | V82: 0 | W82: 100000 | X82: 15008 | Y82: 0 | Z82: 0 | AA82: 0 | AD82: 0 | AM82: N9K06-80021-FT | AN82: H08031-JIM-M | AP82: 0 | AQ82: 0 | AR82: 0 | AS82: 0 | AT82: 0 | AU82: 0 | AY82: No | AZ82: W663021 | BA82: 0 | BC82: H08031-JIM-M | BF82: S0359326
A83: W0680555 | B83: 10000 | C83: 10000 | D83: 45722 | E83: 502LAUGH | F83: 0.535625 | G83: E04JO64031065 | I83: 1 | J83: Yes | K83: 94 | L83: PM09 | M83: 4000 | P83: 45721 | R83: 6 | S83: 24000 | T83: PE | U83: L001-773057-00000001 | V83: 0 | W83: 24000 | X83: 0 | Y83: 0 | Z83: 0 | AA83: 0 | AD83: 0 | AM83: L001-773057-000001CM | AN83: W23041-TH | AP83: 0 | AQ83: 0 | AR83: 0 | AS83: 0 | AT83: 0 | AU83: 0 | AY83: No | AZ83: W663593 | BA83: 0 | BC83: W23041-TH | BF83: H0064671
A84: W0680577 | B84: 10000 | C84: 30000 | D84: 45722 | E84: 502LAUGH | F84: 0.48809028 | G84: 59469 | I84: 2 | J84: Yes | K84: 96 | L84: QM54 | M84: 83 | P84: 45721 | R84: 6 | S84: 498 | T84: PE | U84: MT-1000173-00REV0003 | V84: 0 | W84: 100 | X84: 398 | Y84: 0 | Z84: 0 | AA84: 0 | AD84: 0 | AM84: MT-1000173-00REV008 | AN84: Z26002 | AP84: 0 | AQ84: 0 | AR84: 0 | AS84: 0 | AT84: 0 | AU84: 0 | AY84: No | AZ84: W662222 | BA84: 0 | BC84: Z26002 | BF84: ZSA101749
A85: W0680578 | B85: 10000 | C85: 40000 | D85: 45722 | E85: 502LAUGH | F85: 2:16:59 pm | G85: 59469 | I85: 2 | J85: Yes | K85: 96 | L85: QM54 | M85: 83 | P85: 45721 | R85: 6 | S85: 498 | T85: PE | U85: MT-1000241-910RE0002 | V85: 0 | W85: 100 | X85: 398 | Y85: 0 | Z85: 0 | AA85: 0 | AD85: 0 | AM85: MT-1000241-910REV005 | AN85: Z26002 | AP85: 0 | AQ85: 0 | AR85: 0 | AS85: 0 | AT85: 0 | AU85: 0 | AY85: No | AZ85: W662223 | BA85: 0 | BC85: Z26002 | BF85: ZSA101749
A86: W0680579 | B86: 10000 | C86: 10000 | D86: 45722 | E86: 502LAUGH | F86: 0.44299769 | G86: 59469 | I86: 1 | J86: Yes | K86: 73 | L86: PM59 | M86: 42 | P86: 45721 | R86: 12 | S86: 504 | T86: PE | U86: MT-1000407-902RE0005 | V86: 0 | W86: 100 | X86: 404 | Y86: 0 | Z86: 0 | AA86: 0 | AD86: 0 | AM86: MT-1000407-902REV006 | AN86: Z26002 | AP86: 0 | AQ86: 0 | AR86: 0 | AS86: 0 | AT86: 0 | AU86: 0 | AY86: No | AZ86: W662224 | BA86: 0 | BC86: Z26002 | BF86: ZSA101749
A87: W0680579 | B87: 10000 | C87: 20000 | D87: 45722 | E87: 502LAUGH | F87: 0.44299769 | G87: 59469 | I87: 2 | J87: Yes | K87: 101 | L87: QM54 | M87: 83 | P87: 45721 | R87: 6 | S87: 498 | T87: PE | U87: MT-1000407-902RE0005 | V87: 0 | W87: 100 | X87: 398 | Y87: 0 | Z87: 0 | AA87: 0 | AD87: 0 | AM87: MT-1000407-902REV006 | AN87: Z26002 | AP87: 0 | AQ87: 0 | AR87: 0 | AS87: 0 | AT87: 0 | AU87: 0 | AY87: No | AZ87: W662224 | BA87: 0 | BC87: Z26002 | BF87: ZSA101749
A88: W0680581 | B88: 10000 | C88: 30000 | D88: 45728 | E88: 502LAUGH | F88: 0.475625 | G88: M0BTC15911524 | I88: 2 | J88: Yes | K88: 86 | L88: PM45 | M88: 7994000 | P88: 45721 | R88: 1 | S88: 7994000 | T88: PE | U88: 719708-AD42150001 | V88: 0 | W88: 7140000 | X88: 854000 | Y88: 0 | Z88: 0 | AA88: 0 | AD88: 0 | AM88: 719708-AD4215 | AN88: V22000-DE | AP88: 0 | AQ88: 0 | AR88: 0 | AS88: 0 | AT88: 0 | AU88: 0 | AY88: No | AZ88: W663600 | BA88: 0 | BC88: V22000-DE | BF88: S0359336
A89: W0680584 | B89: 10000 | C89: 10000 | D89: 45721 | E89: 502LAUGH | F89: 9:45:11 am | G89: U4A2658022/309103625 | I89: 1 | J89: Yes | K89: 61 | L89: PM68 | M89: 2000 | P89: 45721 | R89: 5 | S89: 10000 | T89: PE | U89: 2V642190001 | V89: 0 | W89: 10000 | X89: 0 | Y89: 0 | Z89: 0 | AA89: 0 | AD89: 0 | AM89: 2V64219 | AN89: T20198 | AP89: 0 | AQ89: 0 | AR89: 0 | AS89: 0 | AT89: 0 | AU89: 0 | AY89: No | AZ89: W662225 | BA89: 0 | BC89: T20198 | BF89: S0359338
A90: W0680591 | B90: 10000 | C90: 10000 | D90: 45726 | E90: 502LAUGH | F90: 0.47584491 | G90: BYF039-01 | I90: 1 | J90: Yes | K90: 88 | L90: PP24 | M90: 1300 | P90: 45721 | R90: 1 | S90: 1300 | T90: PE | U90: MEES CPOS-80X20M0001 | V90: 0 | W90: 1000 | X90: 300 | Y90: 0 | Z90: 0 | AA90: 0 | AD90: 0 | AM90: MEES CPOS-80X20MM | AN90: S19671 | AP90: 0 | AQ90: 0 | AR90: 0 | AS90: 0 | AT90: 0 | AU90: 0 | AY90: No | AZ90: W662623 | BA90: 0 | BC90: S19671 | BF90: S0359340
A91: W0680594 | B91: 10000 | C91: 10000 | D91: 45723 | E91: 502LAUGH | F91: 0.5341088 | G91: M0BTD2082 | I91: 1 | J91: Yes | K91: 29 | L91: PS70 | M91: 24000 | P91: 45721 | R91: 2 | S91: 48000 | T91: PE | U91: 100823881-75367 0001 | V91: 0 | W91: 48000 | X91: 0 | Y91: 0 | Z91: 0 | AA91: 0 | AD91: 0 | AM91: 100823881-75367 A | AN91: S19081-TH | AP91: 0 | AQ91: 0 | AR91: 0 | AS91: 0 | AT91: 0 | AU91: 0 | AY91: No | AZ91: W663027 | BA91: 0 | BC91: S19081-TH | BF91: H0064687
A92: W0680691 | B92: 10000 | C92: 10000 | D92: 45735 | E92: 505KANGHS | F92: 8:35:16 am | G92: 10620258036/10620258032/10620258030 | I92: 1 | J92: Yes | K92: 79 | L92: PM16 | M92: 3594 | P92: 45721 | R92: 32 | S92: 115008 | T92: PE | U92: CH562-80136-FT0001 | V92: 0 | W92: 100000 | X92: 15008 | Y92: 0 | Z92: 0 | AA92: 0 | AD92: 0 | AM92: CH562-80136-FT | AN92: H08031-JIM-M | AP92: 0 | AQ92: 0 | AR92: 0 | AS92: 0 | AT92: 0 | AU92: 0 | AY92: No | AZ92: W663034 | BA92: 0 | BC92: H08031-JIM-M | BF92: S0359819
A93: W0680694 | B93: 10000 | C93: 10000 | D93: 45740 | E93: 502LAUGH | F93: 9:06:16 am | G93: 10620258034 | I93: 1 | J93: Yes | K93: 79 | L93: PM16 | M93: 228 | P93: 45721 | R93: 308 | S93: 70224 | T93: PE | U93: 7FP22-80007-FT0001 | V93: 0 | W93: 50000 | X93: 20224 | Y93: 0 | Z93: 0 | AA93: 0 | AD93: 0 | AM93: 7FP22-80007-FT | AN93: H08031-JIM-M | AP93: 0 | AQ93: 0 | AR93: 0 | AS93: 0 | AT93: 0 | AU93: 0 | AY93: No | AZ93: W663602 | BA93: 0 | BC93: H08031-JIM-M | BF93: S0359822
A94: W0680695 | B94: 10000 | C94: 20000 | D94: 45740 | E94: 502LAUGH | F94: 9:07:20 am | G94: 10639931051 | I94: 1 | J94: Yes | K94: 79 | L94: PM16 | M94: 575 | P94: 45721 | R94: 308 | S94: 177100 | T94: PE | U94: 7FP22-80008-FT0001 | V94: 0 | W94: 150000 | X94: 27100 | Y94: 0 | Z94: 0 | AA94: 0 | AD94: 0 | AM94: 7FP22-80008-FT | AN94: H08031-JIM-M | AP94: 0 | AQ94: 0 | AR94: 0 | AS94: 0 | AT94: 0 | AU94: 0 | AY94: No | AZ94: W663603 | BA94: 0 | BC94: H08031-JIM-M | BF94: S0359822
A95: W0680701 | B95: 10000 | C95: 10000 | D95: 45721 | E95: 502LAUGH | F95: 2:05:36 pm | G95: 4170S1 | I95: 1 | J95: Yes | K95: 65 | L95: PMJ7 | M95: 1000 | P95: 45721 | R95: 5 | S95: 5000 | T95: PE | U95: TSMB00482020001 | V95: 0 | W95: 5000 | X95: 0 | Y95: 0 | Z95: 0 | AA95: 0 | AD95: 0 | AM95: TSMB0048202 | AN95: T20104 | AP95: 0 | AQ95: 0 | AR95: 0 | AS95: 0 | AT95: 0 | AU95: 0 | AY95: No | AZ95: W662631 | BA95: 0 | BC95: T20104 | BF95: S0359823
A96: W0680703 | B96: 10000 | C96: 10000 | D96: 45721 | E96: 502LAUGH | F96: 9:47:05 am | G96: 3170S1 | I96: 1 | J96: Yes | K96: 65 | L96: PMJ7 | M96: 667 | P96: 45721 | R96: 9 | S96: 6003 | T96: PE | U96: TSMB00660020001 | V96: 0 | W96: 6000 | X96: 3 | Y96: 0 | Z96: 0 | AA96: 0 | AD96: 0 | AM96: TSMB0066002 | AN96: T20104 | AP96: 0 | AQ96: 0 | AR96: 0 | AS96: 0 | AT96: 0 | AU96: 0 | AY96: No | AZ96: W662632 | BA96: 0 | BC96: T20104 | BF96: S0359823
A97: W0680706 | B97: 10000 | C97: 10000 | D97: 45721 | E97: 502LAUGH | F97: 2:05:36 pm | G97: 4170S1 | I97: 1 | J97: Yes | K97: 65 | L97: PMJ7 | M97: 3000 | P97: 45721 | R97: 5 | S97: 15000 | T97: PE | U97: TSMB00482020001 | V97: 0 | W97: 15000 | X97: 0 | Y97: 0 | Z97: 0 | AA97: 0 | AD97: 0 | AM97: TSMB0048202 | AN97: T20104 | AP97: 0 | AQ97: 0 | AR97: 0 | AS97: 0 | AT97: 0 | AU97: 0 | AY97: No | AZ97: W662633 | BA97: 0 | BC97: T20104 | BF97: PR006403
A98: W0680708 | B98: 10000 | C98: 10000 | D98: 45721 | E98: 502LAUGH | F98: 9:47:05 am | G98: 3170S1 | I98: 1 | J98: Yes | K98: 65 | L98: PMJ7 | M98: 667 | P98: 45721 | R98: 9 | S98: 6003 | T98: PE | U98: TSMB00660020001 | V98: 0 | W98: 6000 | X98: 3 | Y98: 0 | Z98: 0 | AA98: 0 | AD98: 0 | AM98: TSMB0066002 | AN98: T20104 | AP98: 0 | AQ98: 0 | AR98: 0 | AS98: 0 | AT98: 0 | AU98: 0 | AY98: No | AZ98: W662634 | BA98: 0 | BC98: T20104 | BF98: PR006403
A99: W0680713 | B99: 10000 | C99: 10000 | D99: 45721 | E99: 502LAUGH | F99: 9:45:11 am | G99: 3082512U9 | I99: 1 | J99: Yes | K99: 61 | L99: PM68 | M99: 150 | P99: 45721 | R99: 1 | S99: 150 | T99: PE | U99: 107324240001 | V99: 0 | W99: 150 | X99: 0 | Y99: 0 | Z99: 0 | AA99: 0 | AD99: 0 | AM99: 10732424 | AN99: I09109 | AP99: 0 | AQ99: 0 | AR99: 0 | AS99: 0 | AT99: 0 | AU99: 0 | AY99: No | AZ99: W662636 | BA99: 0 | BC99: I09109 | BF99: S0359837
A100: W0680718 | B100: 10000 | C100: 10000 | D100: 45721 | E100: 502LAUGH | F100: 0.47946759 | G100: SG-5627551-01 | I100: 1 | J100: Yes | K100: 59 | L100: PS74 | M100: 5000 | P100: 45721 | R100: 6 | S100: 30000 | T100: PE | U100: 15056431 REVB0001 | V100: 0 | W100: 30000 | X100: 0 | Y100: 0 | Z100: 0 | AA100: 0 | AD100: 0 | AM100: M07-15056431 | AN100: I09180-SUNNINGDALE | AP100: 0 | AQ100: 0 | AR100: 0 | AS100: 0 | AT100: 0 | AU100: 0 | AY100: No | AZ100: W662237 | BA100: 0 | BC100: I09180-SUNNINGDALE | BF100: S0359842
A101: W0680725 | B101: 10000 | C101: 20000 | D101: 45721 | E101: 502LAUGH | F101: 2:07:19 pm | G101: 4092S1/BYL015-01 | I101: 2 | J101: Yes | K101: 105 | L101: PM87 | M101: 3200 | P101: 45721 | R101: 1 | S101: 3200 | T101: PE | U101: SECRET-NET0002 | V101: 0 | W101: 3000 | X101: 200 | Y101: 0 | Z101: 0 | AA101: 0 | AD101: 0 | AM101: SECRET-NET | AN101: N14199 | AP101: 0 | AQ101: 0 | AR101: 0 | AS101: 0 | AT101: 0 | AU101: 0 | AY101: No | AZ101: W662242 | BA101: 0 | BC101: N14199 | BF101: S0359843
A102: W0680857 | B102: 10000 | C102: 10000 | D102: 45723 | E102: 502LAUGH | F102: 8:36:50 am | G102: 405172525/3082509U9 | I102: 1 | J102: Yes | K102: 88 | L102: PP24 | M102: 300 | P102: 45721 | R102: 1 | S102: 300 | T102: PE | U102: 190067140001 | V102: 0 | W102: 300 | X102: 0 | Y102: 0 | Z102: 0 | AA102: 0 | AD102: 0 | AM102: 19006714 | AN102: I09109 | AP102: 0 | AQ102: 0 | AR102: 0 | AS102: 0 | AT102: 0 | AU102: 0 | AY102: No | AZ102: W662640 | BA102: 0 | BC102: I09109 | BF102: S0360713
A103: W0680858 | B103: 10000 | C103: 20000 | D103: 45721 | E103: 502LAUGH | F103: 9:45:53 am | G103: BYM039-02 | I103: 2 | J103: Yes | K103: 71 | L103: PS95 | M103: 2000 | P103: 45721 | R103: 21 | S103: 42000 | T103: PE | U103: GR-0880001 | V103: 0 | W103: 40000 | X103: 2000 | Y103: 0 | Z103: 0 | AA103: 0 | AD103: 0 | AM103: GR-088 | AN103: G07076 | AP103: 0 | AQ103: 0 | AR103: 0 | AS103: 0 | AT103: 0 | AU103: 0 | AY103: No | AZ103: W662641 | BA103: 0 | BC103: G07076 | BF103: S0360714
A104: W0680871 | B104: 10000 | C104: 10000 | D104: 45722 | E104: 502LAUGH | F104: 8:39:53 am | G104: 41E8C3A182R | I104: 1 | J104: Yes | K104: 31 | L104: PS27 | M104: 500 | P104: 45721 | R104: 1 | S104: 500 | T104: PE | U104: XTR-140.1949.12-0001 | V104: 0 | W104: 500 | X104: 0 | Y104: 0 | Z104: 0 | AA104: 0 | AD104: 0 | AM104: XTR-140.1949.12-S | AN104: L12161 | AP104: 0 | AQ104: 0 | AR104: 0 | AS104: 0 | AT104: 0 | AU104: 0 | AY104: No | AZ104: W663042 | BA104: 0 | BC104: L12161 | BF104: S0360723
A105: W0680896 | B105: 10000 | C105: 20000 | D105: 45722 | E105: 502LAUGH | F105: 5:32:48 pm | G105: 401180925/3082510U9 | I105: 2 | J105: Yes | K105: 100 | L105: PM87 | M105: 1100 | P105: 45721 | R105: 1 | S105: 1100 | T105: PE | U105: 107353930001 | V105: 0 | W105: 1000 | X105: 100 | Y105: 0 | Z105: 0 | AA105: 0 | AD105: 0 | AM105: 10735393 | AN105: I09109 | AP105: 0 | AQ105: 0 | AR105: 0 | AS105: 0 | AT105: 0 | AU105: 0 | AY105: No | AZ105: W662648 | BA105: 0 | BC105: I09109 | BF105: S0360742
A106: W0680898 | B106: 10000 | C106: 10000 | D106: 45722 | E106: 502LAUGH | F106: 5:34:18 pm | G106: 401180925/3082510U9 | I106: 1 | J106: Yes | K106: 88 | L106: PP24 | M106: 240 | P106: 45721 | R106: 5 | S106: 1200 | T106: PE | U106: 107490780001 | V106: 0 | W106: 1000 | X106: 200 | Y106: 0 | Z106: 0 | AA106: 0 | AD106: 0 | AM106: 10749078 | AN106: I09109 | AP106: 0 | AQ106: 0 | AR106: 0 | AS106: 0 | AT106: 0 | AU106: 0 | AY106: No | AZ106: W662650 | BA106: 0 | BC106: I09109 | BF106: S0360742
...

Sheet 6-Mar
A1: Production Output
A2: Filter: Date Completed: 06/03/25
A4: Work Order No. | B4: Work Order Line No. | C4: WO Journal Line No. | D4: Add Date | E4: Add User | F4: Add Time | G4: Material Batch No. | H4: Die Cut | I4: Process No. | J4: Posted | K4: Machine Code | L4: Staff Code | M4: No. of Press | N4: Date Started | O4: Time Started | P4: Date Completed | Q4: Time Completed | R4: No. of Ups | S4: Printed Quantity | T4: Journal Type | U4: Item Code | V4: Quantity | W4: QC Approved Quantity | X4: Rejected Quantity | Y4: Roll | Z4: Length | AA4: Width | AB4: Length UOM | AC4: Width UOM | AD4: RM Quantity | AE4: Material Code | AF4: Variant Code | AG4: Request Delivery Date | AH4: Non QC Record | AI4: Link to Line No. | AJ4: Related | AK4: Expire Date | AL4: Label Remark | AM4: Customer Part Number | AN4: Customer Code | AO4: ddmm | AP4: Label Packing Quantity 1 | AQ4: Label Quantity 1 | AR4: Label Packing Quantity 2 | AS4: Label Quantity 2 | AT4: Label Packing Quantity 3 | AU4: Label Quantity 3 | AV4: UOM for Label Printing | AW4: QC Inspector | AX4: Summarised Period | AY4: Summarised | AZ4: Posted Work Order No. | BA4: Colour | BB4: Currency | BC4: Ref Customer | BD4: Group | BE4: PO | BF4: Source Doc. No.
A5: W0676952 | B5: 10000 | C5: 10000 | D5: 45751 | E5: 502LAUGH | F5: 0.54107639 | G5: 10639931106/10639931103/10639931102/10639931104 | H5: FSC31311 | I5: 1 | J5: No | K5: 79N | L5: PM21 | M5: 5050 | P5: 45722 | R5: 108 | S5: 545400 | T5: PE | U5: 5180-0102-BH2120001 | V5: 0 | W5: 0 | X5: 0 | Y5: 0 | Z5: 0 | AA5: 0 | AD5: 0 | AH5: No | AI5: 0 | AJ5: No | AM5: 5180-0102-BH212 | AN5: H08031-JIM | AP5: 0 | AQ5: 0 | AR5: 0 | AS5: 0 | AT5: 0 | AU5: 0 | AY5: No | BC5: H08031-JIM | BF5: S0355320
A6: W0680565 | B6: 10000 | C6: 10000 | D6: 45722 | E6: 502LAUGH | F6: 4:52:21 pm | G6: 4103003U5 | H6: FSC30839A | I6: 1 | J6: No | K6: 82 | L6: PM11 | M6: 3334 | P6: 45722 | R6: 6 | S6: 20004 | T6: PE | U6: 0B31180 EC C04290001 | V6: 0 | W6: 0 | X6: 0 | Y6: 0 | Z6: 0 | AA6: 0 | AD6: 0 | AH6: No | AI6: 0 | AJ6: No | AM6: 0B31180 EC C09455 | AN6: I09082-TL | AP6: 0 | AQ6: 0 | AR6: 0 | AS6: 0 | AT6: 0 | AU6: 0 | AY6: No | BC6: I09082-TL | BF6: H0064680
A7: W0681036 | B7: 10000 | C7: 10000 | D7: 45723 | E7: 502LAUGH | F7: 8:36:06 am | G7: 4103003U5 | H7: FSC30839A | I7: 1 | J7: No | K7: 82 | L7: PM11 | M7: 8000 | P7: 45722 | R7: 6 | S7: 48000 | T7: PE | U7: L001-772785-057R0001 | V7: 0 | W7: 0 | X7: 0 | Y7: 0 | Z7: 0 | AA7: 0 | AD7: 0 | AH7: No | AI7: 0 | AJ7: No | AM7: L001-772785-057REVAA | AN7: W23041-TH | AP7: 0 | AQ7: 0 | AR7: 0 | AS7: 0 | AT7: 0 | AU7: 0 | AY7: No | BC7: W23041-TH | BF7: H0064701
A8: W0674539 | B8: 10000 | C8: 10000 | D8: 45722 | E8: 502LAUGH | F8: 2:29:44 pm | G8: D00636982 | I8: 1 | J8: Yes | K8: 65 | L8: PMJ7 | M8: 13500 | P8: 45722 | R8: 8 | S8: 108000 | T8: PE | U8: R639-401 REV2.00001 | V8: 0 | W8: 108000 | X8: 0 | Y8: 0 | Z8: 0 | AA8: 0 | AD8: 0 | AM8: R639-401 REV2.0 | AN8: R18131 | AP8: 0 | AQ8: 0 | AR8: 0 | AS8: 0 | AT8: 0 | AU8: 0 | AY8: No | AZ8: W662405 | BA8: 0 | BC8: R18131 | BF8: S0352648
A9: W0675938 | B9: 10000 | C9: 10000 | D9: 45723 | E9: 502LAUGH | F9: 5:12:30 pm | G9: D005822401525 | I9: 1 | J9: Yes | K9: 86 | L9: PM45 | M9: 40000 | P9: 45722 | R9: 5 | S9: 200000 | T9: PE | U9: R390-439 REV 1.00001 | V9: 0 | W9: 200000 | X9: 0 | Y9: 0 | Z9: 0 | AA9: 0 | AD9: 0 | AM9: R390-439 REV 1.0 | AN9: R18131 | AP9: 0 | AQ9: 0 | AR9: 0 | AS9: 0 | AT9: 0 | AU9: 0 | AY9: No | AZ9: W662932 | BA9: 0 | BC9: R18131 | BF9: S0354104
A10: W0678699 | B10: 10000 | C10: 30000 | D10: 45736 | E10: 502LAUGH | F10: 2:53:17 pm | G10: SG-5619707 01 | I10: 2 | J10: Yes | K10: 73 | L10: PM59 | M10: 112000 | P10: 45722 | R10: 1 | S10: 112000 | T10: PE | U10: 150636040001 | V10: 0 | W10: 112000 | X10: 0 | Y10: 0 | Z10: 0 | AA10: 0 | AD10: 0 | AM10: 15063604 | AN10: I09180-US | AP10: 0 | AQ10: 0 | AR10: 0 | AS10: 0 | AT10: 0 | AU10: 0 | AY10: No | AZ10: W663541 | BA10: 0 | BC10: I09180-US | BF10: S0357465
A11: W0678749 | B11: 10000 | C11: 20000 | D11: 45726 | E11: 502LAUGH | F11: 8:44:03 am | G11: 502200327 | I11: 1 | J11: Yes | K11: 59 | L11: PS74 | M11: 40500 | P11: 45722 | R11: 18 | S11: 729000 | T11: PE | U11: 7062420001 | V11: 0 | W11: 724500 | X11: 4500 | Y11: 0 | Z11: 0 | AA11: 0 | AD11: 0 | AM11: 706242 INDEX07 | AN11: V22000-DE | AP11: 0 | AQ11: 0 | AR11: 0 | AS11: 0 | AT11: 0 | AU11: 0 | AY11: No | AZ11: W662415 | BA11: 0 | BC11: V22000-DE | BF11: S0357493
A12: W0678768 | B12: 10000 | C12: 10000 | D12: 45723 | E12: 502LAUGH | F12: 8:31:53 am | G12: 4111520U5 | I12: 1 | J12: Yes | K12: 22 | L12: PS13 | M12: 3000 | P12: 45722 | R12: 2 | S12: 6000 | T12: PE | U12: 250-6220-000001 | V12: 0 | W12: 6000 | X12: 0 | Y12: 0 | Z12: 0 | AA12: 0 | AD12: 0 | AM12: 250-6220-00 | AN12: J10025-PHL-SG | AP12: 0 | AQ12: 0 | AR12: 0 | AS12: 0 | AT12: 0 | AU12: 0 | AY12: No | AZ12: W662421 | BA12: 0 | BC12: J10025-PHL-SG | BF12: S0357505
A13: W0679026 | B13: 10000 | C13: 30000 | D13: 45722 | E13: 502LAUGH | F13: 0.53453704 | G13: 4067S1 | I13: 3 | J13: Yes | K13: 60 | L13: PM30 | M13: 2000 | P13: 45722 | R13: 1 | S13: 2000 | T13: PE | U13: 1871210001 | V13: 0 | W13: 1000 | X13: 1000 | Y13: 0 | Z13: 0 | AA13: 0 | AD13: 0 | AM13: 187121 | AN13: P16186 | AP13: 0 | AQ13: 0 | AR13: 0 | AS13: 0 | AT13: 0 | AU13: 0 | AY13: No | AZ13: W662203 | BA13: 0 | BC13: P16186 | BF13: S0357788
A14: W0679220 | B14: 10000 | C14: 60000 | D14: 45723 | E14: 502LAUGH | F14: 5:25:12 pm | G14: BXB022-02 | I14: 2 | J14: Yes | K14: 62 | L14: PM48 | M14: 35000 | P14: 45722 | R14: 1 | S14: 35000 | T14: PE | U14: Y00-0000928-000001 | V14: 0 | W14: 35000 | X14: 0 | Y14: 0 | Z14: 0 | AA14: 0 | AD14: 0 | AM14: 300-0000396-00 | AN14: F06170-JIANGSU | AP14: 0 | AQ14: 0 | AR14: 0 | AS14: 0 | AT14: 0 | AU14: 0 | AY14: No | AZ14: W662433 | BA14: 0 | BC14: F06170-JIANGSU | BF14: S0357841
A15: W0679328 | B15: 10000 | C15: 30000 | D15: 45723 | E15: 502LAUGH | F15: 8:52:23 am | G15: 10639931089/10639931091/10639931092 | I15: 3 | J15: Yes | K15: 85 | L15: QM78 | M15: 20000 | P15: 45722 | R15: 11 | S15: 220000 | T15: PE | U15: CH561-80124-FT0001 | V15: 0 | W15: 200000 | X15: 20000 | Y15: 0 | Z15: 0 | AA15: 0 | AD15: 0 | AM15: CH561-80124-FT | AN15: H08031-JIM-M | AP15: 0 | AQ15: 0 | AR15: 0 | AS15: 0 | AT15: 0 | AU15: 0 | AY15: No | AZ15: W662436 | BA15: 0 | BC15: H08031-JIM-M | BF15: S0358005
A16: W0679334 | B16: 10000 | C16: 30000 | D16: 45723 | E16: 502LAUGH | F16: 8:49:31 am | G16: 10639931089/10639931091/10639931092 | I16: 3 | J16: Yes | K16: 85 | L16: QM78 | M16: 10000 | P16: 45722 | R16: 11 | S16: 110000 | T16: PE | U16: F6U64-80027-FT0001 | V16: 0 | W16: 100000 | X16: 10000 | Y16: 0 | Z16: 0 | AA16: 0 | AD16: 0 | AM16: F6U64-80027-FT | AN16: H08031-JIM-M | AP16: 0 | AQ16: 0 | AR16: 0 | AS16: 0 | AT16: 0 | AU16: 0 | AY16: No | AZ16: W662497 | BA16: 0 | BC16: H08031-JIM-M | BF16: S0358031
A17: W0679523 | B17: 10000 | C17: 30000 | D17: 45723 | E17: 502LAUGH | F17: 8:53:18 am | G17: 10639931089/10639931091/10639931092 | I17: 3 | J17: Yes | K17: 85 | L17: QM78 | M17: 10000 | P17: 45722 | R17: 11 | S17: 110000 | T17: PE | U17: CH561-80123-FT0001 | V17: 0 | W17: 100000 | X17: 10000 | Y17: 0 | Z17: 0 | AA17: 0 | AD17: 0 | AM17: CH561-80123-FT | AN17: H08031-JIM-M | AP17: 0 | AQ17: 0 | AR17: 0 | AS17: 0 | AT17: 0 | AU17: 0 | AY17: No | AZ17: W662502 | BA17: 0 | BC17: H08031-JIM-M | BF17: S0358299
A18: W0679524 | B18: 10000 | C18: 30000 | D18: 45723 | E18: 502LAUGH | F18: 8:48:28 am | G18: 10639931089/10639931091/10639931092 | I18: 3 | J18: Yes | K18: 85 | L18: QM78 | M18: 10000 | P18: 45722 | R18: 11 | S18: 110000 | T18: PE | U18: F6U66-80033-FT0001 | V18: 0 | W18: 100000 | X18: 10000 | Y18: 0 | Z18: 0 | AA18: 0 | AD18: 0 | AM18: F6U66-80033-FT | AN18: H08031-JIM-M | AP18: 0 | AQ18: 0 | AR18: 0 | AS18: 0 | AT18: 0 | AU18: 0 | AY18: No | AZ18: W662438 | BA18: 0 | BC18: H08031-JIM-M | BF18: S0358300
A19: W0679525 | B19: 10000 | C19: 30000 | D19: 45723 | E19: 502LAUGH | F19: 8:54:10 am | G19: 10639931089/10639931091/10639931092 | I19: 3 | J19: Yes | K19: 85 | L19: QM78 | M19: 10000 | P19: 45722 | R19: 11 | S19: 110000 | T19: PE | U19: 3YM62-80017-FT0001 | V19: 0 | W19: 100000 | X19: 10000 | Y19: 0 | Z19: 0 | AA19: 0 | AD19: 0 | AM19: 3YM62-80017-FT | AN19: H08031-JIM-M | AP19: 0 | AQ19: 0 | AR19: 0 | AS19: 0 | AT19: 0 | AU19: 0 | AY19: No | AZ19: W662524 | BA19: 0 | BC19: H08031-JIM-M | BF19: S0358301
A20: W0679526 | B20: 10000 | C20: 30000 | D20: 45723 | E20: 502LAUGH | F20: 8:46:12 am | G20: 10639931089/10639931091/10639931092 | I20: 3 | J20: Yes | K20: 85 | L20: QM78 | M20: 10000 | P20: 45722 | R20: 11 | S20: 110000 | T20: PE | U20: N9K06-80021-FT0001 | V20: 0 | W20: 60000 | X20: 50000 | Y20: 0 | Z20: 0 | AA20: 0 | AD20: 0 | AM20: N9K06-80021-FT | AN20: H08031-JIM-M | AP20: 0 | AQ20: 0 | AR20: 0 | AS20: 0 | AT20: 0 | AU20: 0 | AY20: No | AZ20: W662525 | BA20: 0 | BC20: H08031-JIM-M | BF20: S0358302
A21: W0679527 | B21: 10000 | C21: 30000 | D21: 45723 | E21: 502LAUGH | F21: 8:47:31 am | G21: 10639931089/10639931091/10639931092 | I21: 3 | J21: Yes | K21: 85 | L21: QM78 | M21: 10000 | P21: 45722 | R21: 11 | S21: 110000 | T21: PE | U21: N9K02-80017-FT0001 | V21: 0 | W21: 100000 | X21: 10000 | Y21: 0 | Z21: 0 | AA21: 0 | AD21: 0 | AM21: N9K02-80017-FT | AN21: H08031-JIM-M | AP21: 0 | AQ21: 0 | AR21: 0 | AS21: 0 | AT21: 0 | AU21: 0 | AY21: No | AZ21: W662439 | BA21: 0 | BC21: H08031-JIM-M | BF21: S0358303
A22: W0679533 | B22: 10000 | C22: 30000 | D22: 45723 | E22: 502LAUGH | F22: 8:50:32 am | G22: 10639931089/10639931091/10639931092 | I22: 3 | J22: Yes | K22: 85 | L22: QM78 | M22: 10000 | P22: 45722 | R22: 11 | S22: 110000 | T22: PE | U22: F6U62-80030-FT0001 | V22: 0 | W22: 100000 | X22: 10000 | Y22: 0 | Z22: 0 | AA22: 0 | AD22: 0 | AM22: F6U62-80030-FT | AN22: H08031-JIM-M | AP22: 0 | AQ22: 0 | AR22: 0 | AS22: 0 | AT22: 0 | AU22: 0 | AY22: No | AZ22: W662526 | BA22: 0 | BC22: H08031-JIM-M | BF22: S0358305
A23: W0679538 | B23: 10000 | C23: 30000 | D23: 45723 | E23: 502LAUGH | F23: 8:51:20 am | G23: 10639931089/10639931091/10639931092 | I23: 3 | J23: Yes | K23: 85 | L23: QM78 | M23: 10000 | P23: 45722 | R23: 11 | S23: 110000 | T23: PE | U23: CH563-80125-FT0001 | V23: 0 | W23: 100000 | X23: 10000 | Y23: 0 | Z23: 0 | AA23: 0 | AD23: 0 | AM23: CH563-80125-FT | AN23: H08031-JIM-M | AP23: 0 | AQ23: 0 | AR23: 0 | AS23: 0 | AT23: 0 | AU23: 0 | AY23: No | AZ23: W662527 | BA23: 0 | BC23: H08031-JIM-M | BF23: S0358306
A24: W0679546 | B24: 10000 | C24: 30000 | D24: 45726 | E24: 502LAUGH | F24: 0.42184028 | G24: 10639931089/10639931091/10639931092 | I24: 3 | J24: Yes | K24: 85 | L24: QM78 | M24: 10000 | P24: 45722 | R24: 11 | S24: 110000 | T24: PE | U24: N9K08-80027-FT0001 | V24: 0 | W24: 100000 | X24: 10000 | Y24: 0 | Z24: 0 | AA24: 0 | AD24: 0 | AM24: N9K08-80027-FT | AN24: H08031-JIM-M | AP24: 0 | AQ24: 0 | AR24: 0 | AS24: 0 | AT24: 0 | AU24: 0 | AY24: No | AZ24: W662528 | BA24: 0 | BC24: H08031-JIM-M | BF24: S0358307
A25: W0679613 | B25: 10000 | C25: 10000 | D25: 45722 | E25: 502LAUGH | F25: 8:56:01 am | G25: 4067S1 | I25: 1 | J25: Yes | K25: 59 | L25: PS74 | M25: 500 | P25: 45722 | R25: 2 | S25: 1000 | T25: PE | U25: 806777 REV4010001 | V25: 0 | W25: 1000 | X25: 0 | Y25: 0 | Z25: 0 | AA25: 0 | AD25: 0 | AM25: 806777 REV401 | AN25: V22000 | AP25: 0 | AQ25: 0 | AR25: 0 | AS25: 0 | AT25: 0 | AU25: 0 | AY25: No | AZ25: W662441 | BA25: 0 | BC25: V22000 | BF25: S0358335
A26: W0679670 | B26: 10000 | C26: 10000 | D26: 45726 | E26: 502LAUGH | F26: 0.42357639 | G26: E0425913/M0BSQ4460 | I26: 1 | J26: Yes | K26: 87 | L26: PM14 | M26: 20250 | P26: 45722 | R26: 2 | S26: 40500 | T26: PE | U26: 762070100 REVA0001 | V26: 0 | W26: 40500 | X26: 0 | Y26: 0 | Z26: 0 | AA26: 0 | AD26: 0 | AM26: 762070100 REVA | AN26: S19081-TH | AP26: 0 | AQ26: 0 | AR26: 0 | AS26: 0 | AT26: 0 | AU26: 0 | AY26: No | AZ26: W662767 | BA26: 0 | BC26: S19081-TH | BF26: H0064627
A27: W0679722 | B27: 10000 | C27: 10000 | D27: 45723 | E27: 502LAUGH | F27: 5:22:54 pm | G27: 234402 | I27: 1 | J27: Yes | K27: 90 | L27: PM35 | M27: 1167 | P27: 45722 | R27: 180 | S27: 210060 | T27: PE | U27: 1113-550-00020 R0001 | V27: 0 | W27: 210000 | X27: 60 | Y27: 0 | Z27: 0 | AA27: 0 | AD27: 0 | AM27: 1113-550-00020 REVB | AN27: M13337-SMD | AP27: 0 | AQ27: 0 | AR27: 0 | AS27: 0 | AT27: 0 | AU27: 0 | AY27: No | AZ27: W662533 | BA27: 0 | BC27: M13337-SMD | BF27: S0358392
A28: W0679784 | B28: 10000 | C28: 10000 | D28: 45723 | E28: 502LAUGH | F28: 8:37:21 am | G28: BYK066-02/0038-1234-2 | I28: 1 | J28: Yes | K28: 60 | L28: PM30 | M28: 10000 | P28: 45722 | R28: 1 | S28: 10000 | T28: PE | U28: ROUND LABEL-73MM0001 | V28: 0 | W28: 10000 | X28: 0 | Y28: 0 | Z28: 0 | AA28: 0 | AD28: 0 | AM28: ADV6014B | AN28: M13518 | AP28: 0 | AQ28: 0 | AR28: 0 | AS28: 0 | AT28: 0 | AU28: 0 | AY28: No | AZ28: W662538 | BA28: 0 | BC28: M13518 | BF28: S0358439
A29: W0679806 | B29: 10000 | C29: 20000 | D29: 45723 | E29: 502LAUGH | F29: 5:12:30 pm | G29: 404112548/4071802U5 | I29: 1 | J29: Yes | K29: 78 | L29: PM84 | M29: 25000 | P29: 45722 | R29: 2 | S29: 50000 | T29: PE | U29: 810808 INDEX4010001 | V29: 0 | W29: 50000 | X29: 0 | Y29: 0 | Z29: 0 | AA29: 0 | AD29: 0 | AM29: 810808 INDEX401 | AN29: V22000 | AP29: 0 | AQ29: 0 | AR29: 0 | AS29: 0 | AT29: 0 | AU29: 0 | AY29: No | AZ29: W662539 | BA29: 0 | BC29: V22000 | BF29: S0358443
A30: W0679831 | B30: 10000 | C30: 10000 | D30: 45727 | E30: 502LAUGH | F30: 0.47407407 | G30: 10620258028 | I30: 1 | J30: Yes | K30: 79 | L30: PM16 | M30: 398 | P30: 45722 | R30: 297 | S30: 118206 | T30: PE | U30: F6V26-80017-FT0001 | V30: 0 | W30: 100000 | X30: 18206 | Y30: 0 | Z30: 0 | AA30: 0 | AD30: 0 | AM30: F6V26-80017-FT | AN30: H08031-JIM-M | AP30: 0 | AQ30: 0 | AR30: 0 | AS30: 0 | AT30: 0 | AU30: 0 | AY30: No | AZ30: W662772 | BA30: 0 | BC30: H08031-JIM-M | BF30: S0358462
A31: W0679835 | B31: 10000 | C31: 10000 | D31: 45727 | E31: 502LAUGH | F31: 3:48:55 pm | G31: 10620258028 | I31: 1 | J31: Yes | K31: 79 | L31: PM16 | M31: 398 | P31: 45722 | R31: 297 | S31: 118206 | T31: PE | U31: N9K05-80021-FT0001 | V31: 0 | W31: 100000 | X31: 18206 | Y31: 0 | Z31: 0 | AA31: 0 | AD31: 0 | AM31: N9K05-80021-FT | AN31: H08031-JIM-M | AP31: 0 | AQ31: 0 | AR31: 0 | AS31: 0 | AT31: 0 | AU31: 0 | AY31: No | AZ31: W662543 | BA31: 0 | BC31: H08031-JIM-M | BF31: S0358464
A32: W0679848 | B32: 10000 | C32: 20000 | D32: 45723 | E32: 502LAUGH | F32: 9:06:29 am | G32: E04JO6403 | I32: 1 | J32: Yes | K32: 94 | L32: PM09 | M32: 10000 | P32: 45722 | R32: 4 | S32: 40000 | T32: PE | U32: L001-773057-00000007 | V32: 0 | W32: 40000 | X32: 0 | Y32: 0 | Z32: 0 | AA32: 0 | AD32: 0 | AM32: L001-773057-000007CM | AN32: W23041-TH | AP32: 0 | AQ32: 0 | AR32: 0 | AS32: 0 | AT32: 0 | AU32: 0 | AY32: No | AZ32: W662977 | BA32: 0 | BC32: W23041-TH | BF32: H0064635
A33: W0679875 | B33: 10000 | C33: 10000 | D33: 45726 | E33: 502LAUGH | F33: 0.42302083 | G33: M4B4603BGJBJ211-S249100174/E0926912 | I33: 1 | J33: Yes | K33: 75N | L33: QC04 | M33: 21539 | P33: 45722 | R33: 13 | S33: 280007 | T33: PE | U33: 723009600 REVA0001 | V33: 0 | W33: 280000 | X33: 7 | Y33: 0 | Z33: 0 | AA33: 0 | AD33: 0 | AM33: 723009600 REVA | AN33: S19081-TH | AP33: 0 | AQ33: 0 | AR33: 0 | AS33: 0 | AT33: 0 | AU33: 0 | AY33: No | AZ33: W662547 | BA33: 0 | BC33: S19081-TH | BF33: H0064643
A34: W0679909 | B34: 10000 | C34: 10000 | D34: 45722 | E34: 502LAUGH | F34: 0.53784722 | G34: 4111520U5 | I34: 1 | J34: Yes | K34: 22 | L34: PS13 | M34: 3500 | P34: 45722 | R34: 2 | S34: 7000 | T34: PE | U34: 260-6603-000001 | V34: 0 | W34: 7000 | X34: 0 | Y34: 0 | Z34: 0 | AA34: 0 | AD34: 0 | AM34: 260-6603-00 | AN34: J10025 | AP34: 0 | AQ34: 0 | AR34: 0 | AS34: 0 | AT34: 0 | AU34: 0 | AY34: No | AZ34: W662549 | BA34: 0 | BC34: J10025 | BF34: S0358484
A35: W0679911 | B35: 10000 | C35: 10000 | D35: 45722 | E35: 502LAUGH | F35: 2:29:44 pm | G35: 4111520U5 | I35: 1 | J35: Yes | K35: 22 | L35: PS13 | M35: 3500 | P35: 45722 | R35: 2 | S35: 7000 | T35: PE | U35: 260-6605-000001 | V35: 0 | W35: 7000 | X35: 0 | Y35: 0 | Z35: 0 | AA35: 0 | AD35: 0 | AM35: 260-6605-00 | AN35: J10025 | AP35: 0 | AQ35: 0 | AR35: 0 | AS35: 0 | AT35: 0 | AU35: 0 | AY35: No | AZ35: W662551 | BA35: 0 | BC35: J10025 | BF35: S0358484
A36: W0679912 | B36: 10000 | C36: 10000 | D36: 45722 | E36: 502LAUGH | F36: 4:18:10 pm | G36: 4111520U5 | I36: 1 | J36: Yes | K36: 22 | L36: PS13 | M36: 3500 | P36: 45722 | R36: 2 | S36: 7000 | T36: PE | U36: 260-6606-000001 | V36: 0 | W36: 7000 | X36: 0 | Y36: 0 | Z36: 0 | AA36: 0 | AD36: 0 | AM36: 260-6606-00 | AN36: J10025 | AP36: 0 | AQ36: 0 | AR36: 0 | AS36: 0 | AT36: 0 | AU36: 0 | AY36: No | AZ36: W662552 | BA36: 0 | BC36: J10025 | BF36: S0358484
A37: W0679927 | B37: 10000 | C37: 10000 | D37: 45723 | E37: 502LAUGH | F37: 8:38:34 am | G37: U522458002 | I37: 1 | J37: Yes | K37: 93 | L37: PM17 | M37: 1400 | P37: 45722 | R37: 3 | S37: 4200 | T37: PE | U37: STSS-PACKET0001 | V37: 0 | W37: 2600 | X37: 1600 | Y37: 0 | Z37: 0 | AA37: 0 | AD37: 0 | AM37: STSS-PACKET | AN37: T20300 | AP37: 0 | AQ37: 0 | AR37: 0 | AS37: 0 | AT37: 0 | AU37: 0 | AY37: No | AZ37: W662565 | BA37: 0 | BC37: T20300 | BF37: S0358494
A38: W0679927 | B38: 10000 | C38: 20000 | D38: 45723 | E38: 502LAUGH | F38: 8:38:34 am | G38: U522458002 | I38: 2 | J38: Yes | K38: 92 | L38: PM87 | M38: 3000 | P38: 45722 | R38: 1 | S38: 3000 | T38: PE | U38: STSS-PACKET0001 | V38: 0 | W38: 2600 | X38: 400 | Y38: 0 | Z38: 0 | AA38: 0 | AD38: 0 | AM38: STSS-PACKET | AN38: T20300 | AP38: 0 | AQ38: 0 | AR38: 0 | AS38: 0 | AT38: 0 | AU38: 0 | AY38: No | AZ38: W662565 | BA38: 0 | BC38: T20300 | BF38: S0358494
A39: W0680118 | B39: 10000 | C39: 10000 | D39: 45727 | E39: 502LAUGH | F39: 9:33:10 am | G39: T0AF1219072 | I39: 1 | J39: Yes | K39: 78 | L39: PM84 | M39: 2750 | P39: 45722 | R39: 16 | S39: 44000 | T39: PE | U39: 714370204-ADS1360001 | V39: 0 | W39: 40000 | X39: 4000 | Y39: 0 | Z39: 0 | AA39: 0 | AD39: 0 | AM39: 714370204-ADS1366 | AN39: S19314 | AP39: 0 | AQ39: 0 | AR39: 0 | AS39: 0 | AT39: 0 | AU39: 0 | AY39: No | AZ39: W662585 | BA39: 0 | BC39: S19314 | BF39: H0064656
A40: W0680120 | B40: 10000 | C40: 20000 | D40: 45723 | E40: 502LAUGH | F40: 5:19:07 pm | G40: T0AF1219072 | I40: 1 | J40: Yes | K40: 78 | L40: PM84 | M40: 5500 | P40: 45722 | R40: 16 | S40: 88000 | T40: PE | U40: 714370207-ADS1360001 | V40: 0 | W40: 80000 | X40: 8000 | Y40: 0 | Z40: 0 | AA40: 0 | AD40: 0 | AM40: 714370207-ADS1366 | AN40: S19314 | AP40: 0 | AQ40: 0 | AR40: 0 | AS40: 0 | AT40: 0 | AU40: 0 | AY40: No | AZ40: W662586 | BA40: 0 | BC40: S19314 | BF40: H0064658
A41: W0680120 | B41: 10000 | C41: 30000 | D41: 45723 | E41: 502LAUGH | F41: 5:19:07 pm | G41: T0AF1219072 | I41: 2 | J41: Yes | K41: 63 | L41: PMJ0 | M41: 5000 | P41: 45722 | R41: 16 | S41: 80000 | T41: PE | U41: 714370207-ADS1360001 | V41: 0 | W41: 80000 | X41: 0 | Y41: 0 | Z41: 0 | AA41: 0 | AD41: 0 | AM41: 714370207-ADS1366 | AN41: S19314 | AP41: 0 | AQ41: 0 | AR41: 0 | AS41: 0 | AT41: 0 | AU41: 0 | AY41: No | AZ41: W662586 | BA41: 0 | BC41: S19314 | BF41: H0064658
A42: W0680243 | B42: 10000 | C42: 30000 | D42: 45723 | E42: 502LAUGH | F42: 8:35:36 am | G42: U462452089/SG-5553119 | I42: 3 | J42: Yes | K42: 12 | L42: PP05 | M42: 1500 | P42: 45722 | R42: 2 | S42: 3000 | T42: PE | U42: R370-4910001 | V42: 0 | W42: 3000 | X42: 0 | Y42: 0 | Z42: 0 | AA42: 0 | AD42: 0 | AM42: R370-491 | AN42: R18131 | AP42: 0 | AQ42: 0 | AR42: 0 | AS42: 0 | AT42: 0 | AU42: 0 | AY42: No | AZ42: W662588 | BA42: 0 | BC42: R18131 | BF42: S0359016
A43: W0680253 | B43: 10000 | C43: 20000 | D43: 45722 | E43: 502LAUGH | F43: 0.53646991 | G43: 4275S1 | I43: 2 | J43: Yes | K43: ZC53 | L43: PP24 | M43: 2000 | P43: 45722 | R43: 1 | S43: 2000 | T43: PE | U43: 2X0.8-3M78710001 | V43: 0 | W43: 500 | X43: 1500 | Y43: 0 | Z43: 0 | AA43: 0 | AD43: 0 | AM43: 2X0.8-3M7871 | AN43: R18111 | AP43: 0 | AQ43: 0 | AR43: 0 | AS43: 0 | AT43: 0 | AU43: 0 | AY43: No | AZ43: W662590 | BA43: 0 | BC43: R18111 | BF43: S0359025
A44: W0680254 | B44: 10000 | C44: 20000 | D44: 45726 | E44: 502LAUGH | F44: 0.47399306 | G44: 43215A027 | I44: 2 | J44: Yes | K44: 100 | L44: PM87 | M44: 5200 | P44: 45722 | R44: 3 | S44: 15600 | T44: PE | U44: PREMIUM LABEL0001 | V44: 0 | W44: 15000 | X44: 600 | Y44: 0 | Z44: 0 | AA44: 0 | AD44: 0 | AM44: PREMIUM LABEL | AN44: V22073 | AP44: 0 | AQ44: 0 | AR44: 0 | AS44: 0 | AT44: 0 | AU44: 0 | AY44: No | AZ44: W662591 | BA44: 0 | BC44: V22073 | BF44: S0359026
A45: W0680337 | B45: 10000 | C45: 10000 | D45: 45727 | E45: 502LAUGH | F45: 8:43:56 am | G45: U522458002 | I45: 1 | J45: Yes | K45: 72 | L45: PM17 | M45: 5000 | P45: 45722 | R45: 12 | S45: 60000 | T45: PE | U45: CHECKED0001 | V45: 0 | W45: 50000 | X45: 10000 | Y45: 0 | Z45: 0 | AA45: 0 | AD45: 0 | AM45: CHECKED | AN45: S19337 | AP45: 0 | AQ45: 0 | AR45: 0 | AS45: 0 | AT45: 0 | AU45: 0 | AY45: No | AZ45: W662597 | BA45: 0 | BC45: S19337 | BF45: S0359163
A46: W0680338 | B46: 10000 | C46: 10000 | D46: 45722 | E46: 502LAUGH | F46: 1:33:30 pm | G46: 405172525 | I46: 1 | J46: Yes | K46: 12 | L46: PP05 | M46: 250 | P46: 45722 | R46: 4 | S46: 1000 | T46: PE | U46: T9048DG0001 | V46: 0 | W46: 1000 | X46: 0 | Y46: 0 | Z46: 0 | AA46: 0 | AD46: 0 | AM46: T9048DG | AN46: Y25022 | AP46: 0 | AQ46: 0 | AR46: 0 | AS46: 0 | AT46: 0 | AU46: 0 | AY46: No | AZ46: W662598 | BA46: 0 | BC46: Y25022 | BF46: S0359164
A47: W0680402 | B47: 10000 | C47: 20000 | D47: 45722 | E47: 502LAUGH | F47: 3:03:13 pm | G47: T09UF72101525 | I47: 2 | J47: Yes | K47: 105 | L47: PM87 | M47: 100 | P47: 45722 | R47: 1 | S47: 100 | T47: PE | U47: T8-S-309718-R0001 | V47: 0 | W47: 50 | X47: 50 | Y47: 0 | Z47: 0 | AA47: 0 | AD47: 0 | AM47: T8-S-309718-R | AN47: G07042 | AP47: 0 | AQ47: 0 | AR47: 0 | AS47: 0 | AT47: 0 | AU47: 0 | AY47: No | AZ47: W662603 | BA47: 0 | BC47: G07042 | BF47: ZSA101747
A48: W0680409 | B48: 10000 | C48: 20000 | D48: 45722 | E48: 502LAUGH | F48: 1:34:44 pm | G48: 501222196 | I48: 2 | J48: Yes | K48: 71 | L48: PS95 | M48: 2225 | P48: 45722 | R48: 1 | S48: 2225 | T48: PE | U48: LBL-DELTAMETHRIN0001 | V48: 0 | W48: 2020 | X48: 205 | Y48: 0 | Z48: 0 | AA48: 0 | AD48: 0 | AM48: LBL-DELTAMETHRIN 1.5 | AN48: A01248 | AP48: 0 | AQ48: 0 | AR48: 0 | AS48: 0 | AT48: 0 | AU48: 0 | AY48: No | AZ48: W662605 | BA48: 0 | BC48: A01248 | BF48: S0359220
A49: W0680413 | B49: 10000 | C49: 10000 | D49: 45723 | E49: 502LAUGH | F49: 8:55:41 am | G49: U530352047/501241326 | I49: 1 | J49: Yes | K49: 32 | L49: PM26 | M49: 5860 | P49: 45722 | R49: 1 | S49: 5860 | T49: PE | U49: 250-5322-000001 | V49: 0 | W49: 5360 | X49: 500 | Y49: 0 | Z49: 0 | AA49: 0 | AD49: 0 | AM49: 250-5322-00 | AN49: J10025 | AP49: 0 | AQ49: 0 | AR49: 0 | AS49: 0 | AT49: 0 | AU49: 0 | AY49: No | AZ49: W662991 | BA49: 0 | BC49: J10025 | BF49: S0359222
A50: W0680417 | B50: 10000 | C50: 10000 | D50: 45723 | E50: 502LAUGH | F50: 8:55:41 am | G50: U530352047/501241326 | I50: 1 | J50: Yes | K50: 32 | L50: PM26 | M50: 5860 | P50: 45722 | R50: 1 | S50: 5860 | T50: PE | U50: 250-5322-000001 | V50: 0 | W50: 5360 | X50: 500 | Y50: 0 | Z50: 0 | AA50: 0 | AD50: 0 | AM50: 250-5322-00 | AN50: J10025 | AP50: 0 | AQ50: 0 | AR50: 0 | AS50: 0 | AT50: 0 | AU50: 0 | AY50: No | AZ50: W662995 | BA50: 0 | BC50: J10025 | BF50: S0359223
A51: W0680421 | B51: 10000 | C51: 10000 | D51: 45723 | E51: 502LAUGH | F51: 8:55:41 am | G51: U530352047/501241326 | I51: 1 | J51: Yes | K51: 32 | L51: PM26 | M51: 5860 | P51: 45722 | R51: 1 | S51: 5860 | T51: PE | U51: 250-5322-000001 | V51: 0 | W51: 5360 | X51: 500 | Y51: 0 | Z51: 0 | AA51: 0 | AD51: 0 | AM51: 250-5322-00 | AN51: J10025 | AP51: 0 | AQ51: 0 | AR51: 0 | AS51: 0 | AT51: 0 | AU51: 0 | AY51: No | AZ51: W662999 | BA51: 0 | BC51: J10025 | BF51: S0359224
A52: W0680427 | B52: 10000 | C52: 20000 | D52: 45723 | E52: 502LAUGH | F52: 0.4740162 | G52: U4B1958052 | I52: 2 | J52: Yes | K52: 71 | L52: PS95 | M52: 16810 | P52: 45722 | R52: 1 | S52: 16810 | T52: PE | U52: SIGA-1000 ML0001 | V52: 0 | W52: 15520 | X52: 1290 | Y52: 0 | Z52: 0 | AA52: 0 | AD52: 0 | AM52: SIGA-1000 ML | AN52: A01248 | AP52: 0 | AQ52: 0 | AR52: 0 | AS52: 0 | AT52: 0 | AU52: 0 | AY52: No | AZ52: W662606 | BA52: 0 | BC52: A01248 | BF52: S0359229
A53: W0680428 | B53: 10000 | C53: 20000 | D53: 45722 | E53: 502LAUGH | F53: 1:35:40 pm | G53: U4B1958052 | I53: 2 | J53: Yes | K53: 71 | L53: PS95 | M53: 5450 | P53: 45722 | R53: 1 | S53: 5450 | T53: PE | U53: SIGA-500 ML0001 | V53: 0 | W53: 5180 | X53: 270 | Y53: 0 | Z53: 0 | AA53: 0 | AD53: 0 | AM53: SIGA-500 ML | AN53: A01248 | AP53: 0 | AQ53: 0 | AR53: 0 | AS53: 0 | AT53: 0 | AU53: 0 | AY53: No | AZ53: W662607 | BA53: 0 | BC53: A01248 | BF53: S0359229
A54: W0680435 | B54: 10000 | C54: 10000 | D54: 45723 | E54: 502LAUGH | F54: 9:06:29 am | G54: 4136S1 | I54: 1 | J54: Yes | K54: 61 | L54: PM68 | M54: 6500 | P54: 45722 | R54: 2 | S54: 13000 | T54: PE | U54: 804964 INDEX1000001 | V54: 0 | W54: 6500 | X54: 6500 | Y54: 0 | Z54: 0 | AA54: 0 | AD54: 0 | AM54: 804964 INDEX100 | AN54: V22000 | AP54: 0 | AQ54: 0 | AR54: 0 | AS54: 0 | AT54: 0 | AU54: 0 | AY54: No | AZ54: W662610 | BA54: 0 | BC54: V22000 | BF54: S0359233
A55: W0680468 | B55: 10000 | C55: 10000 | D55: 45726 | E55: 502LAUGH | F55: 8:32:40 am | G55: J00SB5030 | I55: 1 | J55: Yes | K55: 72 | L55: PM17 | M55: 19000 | P55: 45722 | R55: 3 | S55: 57000 | T55: PE | U55: GR-1140001 | V55: 0 | W55: 50000 | X55: 7000 | Y55: 0 | Z55: 0 | AA55: 0 | AD55: 0 | AM55: GR-114 | AN55: G07076 | AP55: 0 | AQ55: 0 | AR55: 0 | AS55: 0 | AT55: 0 | AU55: 0 | AY55: No | AZ55: W662611 | BA55: 0 | BC55: G07076 | BF55: S0359263
A56: W0680487 | B56: 10000 | C56: 30000 | D56: 45740 | E56: 502LAUGH | F56: 8:52:22 am | G56: 10567308038 | I56: 2 | J56: Yes | K56: 77 | L56: PM74 | M56: 1713 | P56: 45722 | R56: 66 | S56: 113058 | T56: PE | U56: 7FP43-80004-FT0001 | V56: 0 | W56: 100000 | X56: 13058 | Y56: 0 | Z56: 0 | AA56: 0 | AD56: 0 | AM56: 7FP43-80004-FT | AN56: H08031-JIM-M | AP56: 0 | AQ56: 0 | AR56: 0 | AS56: 0 | AT56: 0 | AU56: 0 | AY56: No | AZ56: W663582 | BA56: 0 | BC56: H08031-JIM-M | BF56: S0359281
A57: W0680507 | B57: 10000 | C57: 20000 | D57: 45740 | E57: 502LAUGH | F57: 8:49:24 am | G57: 10639931011 | I57: 2 | J57: Yes | K57: 77 | L57: PM74 | M57: 2598 | P57: 45722 | R57: 77 | S57: 200046 | T57: PE | U57: 7FP01-80003-FT0001 | V57: 0 | W57: 180000 | X57: 20046 | Y57: 0 | Z57: 0 | AA57: 0 | AD57: 0 | AM57: 7FP01-80003-FT | AN57: H08031-JIM-M | AP57: 0 | AQ57: 0 | AR57: 0 | AS57: 0 | AT57: 0 | AU57: 0 | AY57: No | AZ57: W663587 | BA57: 0 | BC57: H08031-JIM-M | BF57: S0359302
A58: W0680520 | B58: 10000 | C58: 10000 | D58: 45722 | E58: 502LAUGH | F58: 4:04:27 pm | G58: U3B12S049 | I58: 1 | J58: Yes | K58: 12 | L58: PP05 | M58: 500 | P58: 45722 | R58: 2 | S58: 1000 | T58: PE | U58: 722723 REV4010001 | V58: 0 | W58: 1000 | X58: 0 | Y58: 0 | Z58: 0 | AA58: 0 | AD58: 0 | AM58: 722723 REV401 | AN58: V22000 | AP58: 0 | AQ58: 0 | AR58: 0 | AS58: 0 | AT58: 0 | AU58: 0 | AY58: No | AZ58: W662615 | BA58: 0 | BC58: V22000 | BF58: S0359311
A59: W0680521 | B59: 10000 | C59: 10000 | D59: 45722 | E59: 502LAUGH | F59: 4:04:27 pm | G59: U3B12S019 | I59: 1 | J59: Yes | K59: 12 | L59: PP05 | M59: 3000 | P59: 45722 | R59: 1 | S59: 3000 | T59: PE | U59: 807813 REV1000001 | V59: 0 | W59: 3000 | X59: 0 | Y59: 0 | Z59: 0 | AA59: 0 | AD59: 0 | AM59: 807813 REV100 | AN59: V22000 | AP59: 0 | AQ59: 0 | AR59: 0 | AS59: 0 | AT59: 0 | AU59: 0 | AY59: No | AZ59: W662616 | BA59: 0 | BC59: V22000 | BF59: S0359312
A60: W0680537 | B60: 10000 | C60: 10000 | D60: 45726 | E60: 502LAUGH | F60: 9:49:05 am | G60: 23A1207231 | I60: 1 | J60: Yes | K60: 46 | L60: PS66 | M60: 11667 | P60: 45722 | R60: 6 | S60: 70002 | T60: PE | U60: 805023 INDEX4000001 | V60: 0 | W60: 60000 | X60: 10002 | Y60: 0 | Z60: 0 | AA60: 0 | AD60: 0 | AM60: 805023 INDEX400 | AN60: V22000 | AP60: 0 | AQ60: 0 | AR60: 0 | AS60: 0 | AT60: 0 | AU60: 0 | AY60: No | AZ60: W662617 | BA60: 0 | BC60: V22000 | BF60: S0359318
A61: W0680550 | B61: 10000 | C61: 10000 | D61: 45726 | E61: 502LAUGH | F61: 8:42:22 am | G61: M0BSM3241 | I61: 1 | J61: Yes | K61: 72 | L61: PM17 | M61: 2000 | P61: 45722 | R61: 4 | S61: 8000 | T61: PE | U61: 86.J7460001 | V61: 0 | W61: 5000 | X61: 3000 | Y61: 0 | Z61: 0 | AA61: 0 | AD61: 0 | AM61: 86.J746 | AN61: T20390-PMI | AP61: 0 | AQ61: 0 | AR61: 0 | AS61: 0 | AT61: 0 | AU61: 0 | AY61: No | AZ61: W662618 | BA61: 0 | BC61: T20390-PMI | BF61: S0359328
A62: W0680556 | B62: 10000 | C62: 10000 | D62: 45722 | E62: 502LAUGH | F62: 3:01:32 pm | G62: E04JO64031065 | I62: 1 | J62: Yes | K62: 94 | L62: PM09 | M62: 4000 | P62: 45722 | R62: 6 | S62: 24000 | T62: PE | U62: L001-773057-00000001 | V62: 0 | W62: 24000 | X62: 0 | Y62: 0 | Z62: 0 | AA62: 0 | AD62: 0 | AM62: L001-773057-000001CM | AN62: W23041-TH | AP62: 0 | AQ62: 0 | AR62: 0 | AS62: 0 | AT62: 0 | AU62: 0 | AY62: No | AZ62: W663594 | BA62: 0 | BC62: W23041-TH | BF62: H0064672
A63: W0680564 | B63: 10000 | C63: 10000 | D63: 45722 | E63: 502LAUGH | F63: 4:52:21 pm | G63: 4103003U5 | I63: 1 | J63: Yes | K63: 82 | L63: PM11 | M63: 3334 | P63: 45722 | R63: 6 | S63: 20004 | T63: PE | U63: 0B31180 EC C04290001 | V63: 0 | W63: 20000 | X63: 4 | Y63: 0 | Z63: 0 | AA63: 0 | AD63: 0 | AM63: 0B31180 EC C09455 | AN63: I09082-TL | AP63: 0 | AQ63: 0 | AR63: 0 | AS63: 0 | AT63: 0 | AU63: 0 | AY63: No | AZ63: W663023 | BA63: 0 | BC63: I09082-TL | BF63: H0064679
A64: W0680566 | B64: 10000 | C64: 10000 | D64: 45722 | E64: 502LAUGH | F64: 4:52:21 pm | G64: 4103003U5 | I64: 1 | J64: Yes | K64: 82 | L64: PM11 | M64: 5000 | P64: 45722 | R64: 6 | S64: 30000 | T64: PE | U64: 0B31180 EC C04290001 | V64: 0 | W64: 30000 | X64: 0 | Y64: 0 | Z64: 0 | AA64: 0 | AD64: 0 | AM64: 0B31180 EC C09455 | AN64: I09082-TL | AP64: 0 | AQ64: 0 | AR64: 0 | AS64: 0 | AT64: 0 | AU64: 0 | AY64: No | AZ64: W663598 | BA64: 0 | BC64: I09082-TL | BF64: H0064681
A65: W0680567 | B65: 10000 | C65: 10000 | D65: 45722 | E65: 502LAUGH | F65: 4:52:21 pm | G65: 4103003U5 | I65: 1 | J65: Yes | K65: 82 | L65: PM11 | M65: 5000 | P65: 45722 | R65: 6 | S65: 30000 | T65: PE | U65: 0B31180 EC C04290001 | V65: 0 | W65: 30000 | X65: 0 | Y65: 0 | Z65: 0 | AA65: 0 | AD65: 0 | AM65: 0B31180 EC C09455 | AN65: I09082-TL | AP65: 0 | AQ65: 0 | AR65: 0 | AS65: 0 | AT65: 0 | AU65: 0 | AY65: No | AZ65: W663599 | BA65: 0 | BC65: I09082-TL | BF65: H0064682
A66: W0680581 | B66: 10000 | C66: 40000 | D66: 45728 | E66: 502LAUGH | F66: 0.475625 | G66: M0BTC15911524 | I66: 3 | J66: Yes | K66: 112 | L66: PS07 | M66: 65715 | P66: 45722 | R66: 112 | S66: 7360080 | T66: PE | U66: 719708-AD42150001 | V66: 0 | W66: 7140000 | X66: 220080 | Y66: 0 | Z66: 0 | AA66: 0 | AD66: 0 | AM66: 719708-AD4215 | AN66: V22000-DE | AP66: 0 | AQ66: 0 | AR66: 0 | AS66: 0 | AT66: 0 | AU66: 0 | AY66: No | AZ66: W663600 | BA66: 0 | BC66: V22000-DE | BF66: S0359336
A67: W0680610 | B67: 10000 | C67: 10000 | D67: 45728 | E67: 502LAUGH | F67: 0.46938657 | G67: 3342S1 | I67: 1 | J67: Yes | K67: 93 | L67: PM16 | M67: 250 | P67: 45722 | R67: 3 | S67: 750 | T67: PE | U67: 10104870001 | V67: 0 | W67: 500 | X67: 250 | Y67: 0 | Z67: 0 | AA67: 0 | AD67: 0 | AM67: 1010487 | AN67: E05156 | AP67: 0 | AQ67: 0 | AR67: 0 | AS67: 0 | AT67: 0 | AU67: 0 | AY67: No | AZ67: W662626 | BA67: 0 | BC67: E05156 | BF67: S0359400
A68: W0680694 | B68: 10000 | C68: 20000 | D68: 45740 | E68: 502LAUGH | F68: 9:06:16 am | G68: 10620258034 | I68: 2 | J68: Yes | K68: 77 | L68: PM74 | M68: 858 | P68: 45722 | R68: 77 | S68: 66066 | T68: PE | U68: 7FP22-80007-FT0001 | V68: 0 | W68: 50000 | X68: 16066 | Y68: 0 | Z68: 0 | AA68: 0 | AD68: 0 | AM68: 7FP22-80007-FT | AN68: H08031-JIM-M | AP68: 0 | AQ68: 0 | AR68: 0 | AS68: 0 | AT68: 0 | AU68: 0 | AY68: No | AZ68: W663602 | BA68: 0 | BC68: H08031-JIM-M | BF68: S0359822
A69: W0680695 | B69: 10000 | C69: 30000 | D69: 45740 | E69: 502LAUGH | F69: 9:07:20 am | G69: 10639931051 | I69: 2 | J69: Yes | K69: 77 | L69: PM74 | M69: 2182 | P69: 45722 | R69: 77 | S69: 168014 | T69: PE | U69: 7FP22-80008-FT0001 | V69: 0 | W69: 150000 | X69: 18014 | Y69: 0 | Z69: 0 | AA69: 0 | AD69: 0 | AM69: 7FP22-80008-FT | AN69: H08031-JIM-M | AP69: 0 | AQ69: 0 | AR69: 0 | AS69: 0 | AT69: 0 | AU69: 0 | AY69: No | AZ69: W663603 | BA69: 0 | BC69: H08031-JIM-M | BF69: S0359822
A70: W0680714 | B70: 10000 | C70: 10000 | D70: 45726 | E70: 502LAUGH | F70: 0.47454861 | G70: U492052090 | I70: 1 | J70: Yes | K70: 88 | L70: PP24 | M70: 1300 | P70: 45722 | R70: 1 | S70: 1300 | T70: PE | U70: RECEIVED LABEL0001 | V70: 0 | W70: 1000 | X70: 300 | Y70: 0 | Z70: 0 | AA70: 0 | AD70: 0 | AM70: RECEIVED LABEL | AN70: G07075 | AP70: 0 | AQ70: 0 | AR70: 0 | AS70: 0 | AT70: 0 | AU70: 0 | AY70: No | AZ70: W662637 | BA70: 0 | BC70: G07075 | BF70: S0359838
A71: W0680714 | B71: 10000 | C71: 20000 | D71: 45726 | E71: 502LAUGH | F71: 0.47454861 | G71: U492052090 | I71: 2 | J71: Yes | K71: 92 | L71: PM87 | M71: 1200 | P71: 45722 | R71: 1 | S71: 1200 | T71: PE | U71: RECEIVED LABEL0001 | V71: 0 | W71: 1000 | X71: 200 | Y71: 0 | Z71: 0 | AA71: 0 | AD71: 0 | AM71: RECEIVED LABEL | AN71: G07075 | AP71: 0 | AQ71: 0 | AR71: 0 | AS71: 0 | AT71: 0 | AU71: 0 | AY71: No | AZ71: W662637 | BA71: 0 | BC71: G07075 | BF71: S0359838
A72: W0680745 | B72: 10000 | C72: 20000 | D72: 45734 | E72: 502LAUGH | F72: 9:57:59 am | G72: 10639931060 | I72: 2 | J72: Yes | K72: 77 | L72: PM74 | M72: 390 | P72: 45722 | R72: 77 | S72: 30030 | T72: PE | U72: 7FP13-80001-FT0001 | V72: 0 | W72: 20000 | X72: 10030 | Y72: 0 | Z72: 0 | AA72: 0 | AD72: 0 | AM72: 7FP13-80001-FT | AN72: H08031-JIM-M | AP72: 0 | AQ72: 0 | AR72: 0 | AS72: 0 | AT72: 0 | AU72: 0 | AY72: No | AZ72: W663037 | BA72: 0 | BC72: H08031-JIM-M | BF72: S0359858
A73: W0680746 | B73: 10000 | C73: 20000 | D73: 45729 | E73: 502LAUGH | F73: 1:34:03 pm | G73: 10639931060 | I73: 2 | J73: Yes | K73: 77 | L73: PM74 | M73: 949 | P73: 45722 | R73: 77 | S73: 73073 | T73: PE | U73: 7FP37-80003-FT0001 | V73: 0 | W73: 50000 | X73: 23073 | Y73: 0 | Z73: 0 | AA73: 0 | AD73: 0 | AM73: 7FP37-80003-FT | AN73: H08031-JIM-M | AP73: 0 | AQ73: 0 | AR73: 0 | AS73: 0 | AT73: 0 | AU73: 0 | AY73: No | AZ73: W662780 | BA73: 0 | BC73: H08031-JIM-M | BF73: S0359859
A74: W0680748 | B74: 10000 | C74: 20000 | D74: 45729 | E74: 502LAUGH | F74: 2:57:25 pm | G74: 10639931060 | I74: 2 | J74: Yes | K74: 77 | L74: PM74 | M74: 425 | P74: 45722 | R74: 66 | S74: 28050 | T74: PE | U74: 7FP45-80001-FT0001 | V74: 0 | W74: 20000 | X74: 8050 | Y74: 0 | Z74: 0 | AA74: 0 | AD74: 0 | AM74: 7FP45-80001-FT | AN74: H08031-JIM-M | AP74: 0 | AQ74: 0 | AR74: 0 | AS74: 0 | AT74: 0 | AU74: 0 | AY74: No | AZ74: W663038 | BA74: 0 | BC74: H08031-JIM-M | BF74: S0359860
A75: W0680750 | B75: 10000 | C75: 20000 | D75: 45729 | E75: 502LAUGH | F75: 4:09:26 pm | G75: 10639931060 | I75: 2 | J75: Yes | K75: 77 | L75: PM74 | M75: 390 | P75: 45722 | R75: 77 | S75: 30030 | T75: PE | U75: 7FP21-80008-FT0001 | V75: 0 | W75: 20000 | X75: 10030 | Y75: 0 | Z75: 0 | AA75: 0 | AD75: 0 | AM75: 7FP21-80008-FT | AN75: H08031-JIM-M | AP75: 0 | AQ75: 0 | AR75: 0 | AS75: 0 | AT75: 0 | AU75: 0 | AY75: No | AZ75: W663039 | BA75: 0 | BC75: H08031-JIM-M | BF75: S0359861
A76: W0680752 | B76: 10000 | C76: 20000 | D76: 45729 | E76: 502LAUGH | F76: 3:58:04 pm | G76: 10639931060 | I76: 2 | J76: Yes | K76: 77 | L76: PM74 | M76: 390 | P76: 45722 | R76: 77 | S76: 30030 | T76: PE | U76: 7FP05-80003-FT0001 | V76: 0 | W76: 20000 | X76: 10030 | Y76: 0 | Z76: 0 | AA76: 0 | AD76: 0 | AM76: 7FP05-80003-FT | AN76: H08031-JIM-M | AP76: 0 | AQ76: 0 | AR76: 0 | AS76: 0 | AT76: 0 | AU76: 0 | AY76: No | AZ76: W663040 | BA76: 0 | BC76: H08031-JIM-M | BF76: S0359862
A77: W0680857 | B77: 10000 | C77: 20000 | D77: 45723 | E77: 502LAUGH | F77: 8:36:50 am | G77: 405172525/3082509U9 | I77: 2 | J77: Yes | K77: 100 | L77: PM87 | M77: 300 | P77: 45722 | R77: 1 | S77: 300 | T77: PE | U77: 190067140001 | V77: 0 | W77: 300 | X77: 0 | Y77: 0 | Z77: 0 | AA77: 0 | AD77: 0 | AM77: 19006714 | AN77: I09109 | AP77: 0 | AQ77: 0 | AR77: 0 | AS77: 0 | AT77: 0 | AU77: 0 | AY77: No | AZ77: W662640 | BA77: 0 | BC77: I09109 | BF77: S0360713
A78: W0680875 | B78: 10000 | C78: 10000 | D78: 45722 | E78: 502LAUGH | F78: 4:04:27 pm | G78: J00788540 | I78: 1 | J78: Yes | K78: 86 | L78: PM45 | M78: 27500 | P78: 45722 | R78: 2 | S78: 55000 | T78: PE | U78: PRODUCT-188X74-30001 | V78: 0 | W78: 55000 | X78: 0 | Y78: 0 | Z78: 0 | AA78: 0 | AD78: 0 | AM78: PRODUCT-188X74-379 U | AN78: A01259 | AP78: 0 | AQ78: 0 | AR78: 0 | AS78: 0 | AT78: 0 | AU78: 0 | AY78: No | AZ78: W662642 | BA78: 0 | BC78: A01259 | BF78: S0360725
A79: W0680903 | B79: 10000 | C79: 10000 | D79: 45722 | E79: 502LAUGH | F79: 0.53712963 | G79: 4136S1 | I79: 1 | J79: Yes | K79: 12 | L79: PP05 | M79: 1667 | P79: 45722 | R79: 3 | S79: 5001 | T79: PE | U79: 810792 REV4010001 | V79: 0 | W79: 5000 | X79: 1 | Y79: 0 | Z79: 0 | AA79: 0 | AD79: 0 | AM79: 810792 REV401 | AN79: V22000 | AP79: 0 | AQ79: 0 | AR79: 0 | AS79: 0 | AT79: 0 | AU79: 0 | AY79: No | AZ79: W662655 | BA79: 0 | BC79: V22000 | BF79: S0360743
A80: W0680957 | B80: 10000 | C80: 20000 | D80: 45726 | E80: 502LAUGH | F80: 3:04:53 pm | G80: J00D31560 | I80: 2 | J80: Yes | K80: 92 | L80: PM87 | M80: 1100 | P80: 45722 | R80: 1 | S80: 1100 | T80: PE | U80: 107355870001 | V80: 0 | W80: 1000 | X80: 100 | Y80: 0 | Z80: 0 | AA80: 0 | AD80: 0 | AM80: 10735587 | AN80: I09109 | AP80: 0 | AQ80: 0 | AR80: 0 | AS80: 0 | AT80: 0 | AU80: 0 | AY80: No | AZ80: W662658 | BA80: 0 | BC80: I09109 | BF80: S0360887
A81: W0680958 | B81: 10000 | C81: 20000 | D81: 45726 | E81: 502LAUGH | F81: 0.47496528 | G81: J00D31560 | I81: 2 | J81: Yes | K81: 92 | L81: PM87 | M81: 20 | P81: 45722 | R81: 1 | S81: 20 | T81: PE | U81: 107355870001 | V81: 0 | W81: 20 | X81: 0 | Y81: 0 | Z81: 0 | AA81: 0 | AD81: 0 | AM81: 10735587 | AN81: I09109 | AP81: 0 | AQ81: 0 | AR81: 0 | AS81: 0 | AT81: 0 | AU81: 0 | AY81: No | AZ81: W662659 | BA81: 0 | BC81: I09109 | BF81: ZSA101756
A82: W0680968 | B82: 10000 | C82: 20000 | D82: 45723 | E82: 502LAUGH | F82: 5:18:28 pm | G82: T0AF1219072 | I82: 1 | J82: Yes | K82: 78 | L82: PM84 | M82: 1000 | P82: 45722 | R82: 16 | S82: 16000 | T82: PE | U82: 714370212-ADS1360001 | V82: 0 | W82: 10000 | X82: 6000 | Y82: 0 | Z82: 0 | AA82: 0 | AD82: 0 | AM82: 714370212 REVA | AN82: S19314 | AP82: 0 | AQ82: 0 | AR82: 0 | AS82: 0 | AT82: 0 | AU82: 0 | AY82: No | AZ82: W662667 | BA82: 0 | BC82: S19314 | BF82: H0064700
A83: W0680968 | B83: 10000 | C83: 30000 | D83: 45723 | E83: 502LAUGH | F83: 5:18:28 pm | G83: T0AF1219072 | I83: 2 | J83: Yes | K83: 63 | L83: PMJ0 | M83: 625 | P83: 45722 | R83: 16 | S83: 10000 | T83: PE | U83: 714370212-ADS1360001 | V83: 0 | W83: 10000 | X83: 0 | Y83: 0 | Z83: 0 | AA83: 0 | AD83: 0 | AM83: 714370212 REVA | AN83: S19314 | AP83: 0 | AQ83: 0 | AR83: 0 | AS83: 0 | AT83: 0 | AU83: 0 | AY83: No | AZ83: W662667 | BA83: 0 | BC83: S19314 | BF83: H0064700
A84: W0680969 | B84: 10000 | C84: 10000 | D84: 45722 | E84: 502LAUGH | F84: 2:29:44 pm | G84: SG-5638265 01 | I84: 1 | J84: Yes | K84: 31 | L84: PS27 | M84: 1000 | P84: 45722 | R84: 2 | S84: 2000 | T84: PE | U84: 30030002 | V84: 0 | W84: 2000 | X84: 0 | Y84: 0 | Z84: 0 | AA84: 0 | AD84: 0 | AM84: 3003 | AN84: I09099 | AP84: 0 | AQ84: 0 | AR84: 0 | AS84: 0 | AT84: 0 | AU84: 0 | AY84: No | AZ84: W662668 | BA84: 0 | BC84: I09099 | BF84: S0360890
A85: W0680970 | B85: 10000 | C85: 10000 | D85: 45722 | E85: 502LAUGH | F85: 0.53712963 | G85: SG-5638265 01 | I85: 1 | J85: Yes | K85: 31 | L85: PS27 | M85: 1000 | P85: 45722 | R85: 6 | S85: 6000 | T85: PE | U85: 9919310002 | V85: 0 | W85: 6000 | X85: 0 | Y85: 0 | Z85: 0 | AA85: 0 | AD85: 0 | AM85: 991931 | AN85: I09099 | AP85: 0 | AQ85: 0 | AR85: 0 | AS85: 0 | AT85: 0 | AU85: 0 | AY85: No | AZ85: W662669 | BA85: 0 | BC85: I09099 | BF85: S0360890
A86: W0680972 | B86: 10000 | C86: 10000 | D86: 45728 | E86: 502LAUGH | F86: 0.43936343 | G86: D10074850 | I86: 1 | J86: Yes | K86: 88 | L86: PP24 | M86: 1000 | P86: 45722 | R86: 1 | S86: 1000 | T86: PE | U86: PRTN-1463077491-0003 | V86: 0 | W86: 1000 | X86: 0 | Y86: 0 | Z86: 0 | AA86: 0 | AD86: 0 | AM86: MDRM0345 | AN86: A01486 | AP86: 0 | AQ86: 0 | AR86: 0 | AS86: 0 | AT86: 0 | AU86: 0 | AY86: No | AZ86: W662670 | BA86: 0 | BC86: A01486 | BF86: S0360886
A87: W0680973 | B87: 10000 | C87: 10000 | D87: 45734 | E87: 502LAUGH | F87: 8:34:33 am | G87: 4239S1/U4010218 | I87: 1 | J87: Yes | K87: 88 | L87: PP24 | M87: 1594 | P87: 45722 | R87: 1 | S87: 1594 | T87: PE | U87: PRTN-2037351818-0001 | V87: 0 | W87: 1594 | X87: 0 | Y87: 0 | Z87: 0 | AA87: 0 | AD87: 0 | AM87: MDRM0198 | AN87: A01486 | AP87: 0 | AQ87: 0 | AR87: 0 | AS87: 0 | AT87: 0 | AU87: 0 | AY87: No | AZ87: W663046 | BA87: 0 | BC87: A01486 | BF87: S0360886
A88: W0680973 | B88: 20000 | C88: 10000 | D88: 45734 | E88: 502LAUGH | F88: 8:34:33 am | G88: 4239S1/U4010218 | I88: 1 | J88: Yes | K88: 88 | L88: PP24 | M88: 606 | P88: 45722 | R88: 1 | S88: 606 | T88: PE | U88: PRTN-2037351818-0001 | V88: 0 | W88: 606 | X88: 0 | Y88: 0 | Z88: 0 | AA88: 0 | AD88: 0 | AM88: MDRM0198 | AN88: A01486 | AP88: 0 | AQ88: 0 | AR88: 0 | AS88: 0 | AT88: 0 | AU88: 0 | AY88: No | AZ88: W663046 | BA88: 0 | BC88: A01486 | BF88: S0360886
A89: W0680975 | B89: 10000 | C89: 10000 | D89: 45722 | E89: 502LAUGH | F89: 5:35:51 pm | G89: BYJ032-04 | I89: 1 | J89: Yes | K89: 65 | L89: PMJ7 | M89: 4167 | P89: 45722 | R89: 3 | S89: 12501 | T89: PE | U89: LABEL0040001 | V89: 0 | W89: 12500 | X89: 1 | Y89: 0 | Z89: 0 | AA89: 0 | AD89: 0 | AM89: LABEL004 | AN89: H08216 | AP89: 0 | AQ89: 0 | AR89: 0 | AS89: 0 | AT89: 0 | AU89: 0 | AY89: No | AZ89: W662788 | BA89: 0 | BC89: H08216 | BF89: S0360892
A90: W0680993 | B90: 10000 | C90: 10000 | D90: 45723 | E90: 502LAUGH | F90: 8:44:41 am | G90: 10620258026 | I90: 1 | J90: Yes | K90: 79 | L90: PM16 | M90: 639 | P90: 45722 | R90: 36 | S90: 23004 | T90: PE | U90: CZ630-800110001 | V90: 0 | W90: 20000 | X90: 3004 | Y90: 0 | Z90: 0 | AA90: 0 | AD90: 0 | AM90: CZ630-80011 | AN90: H08031-JIM | AP90: 0 | AQ90: 0 | AR90: 0 | AS90: 0 | AT90: 0 | AU90: 0 | AY90: No | AZ90: W664087 | BA90: 0 | BC90: H08031-JIM | BF90: S0360902
A91: W0680993 | B91: 10000 | C91: 20000 | D91: 45723 | E91: 502LAUGH | F91: 8:44:41 am | G91: 10620258026 | I91: 2 | J91: Yes | K91: 77 | L91: PM74 | M91: 1467 | P91: 45722 | R91: 15 | S91: 22005 | T91: PE | U91: CZ630-800110001 | V91: 0 | W91: 20000 | X91: 2005 | Y91: 0 | Z91: 0 | AA91: 0 | AD91: 0 | AM91: CZ630-80011 | AN91: H08031-JIM | AP91: 0 | AQ91: 0 | AR91: 0 | AS91: 0 | AT91: 0 | AU91: 0 | AY91: No | AZ91: W664087 | BA91: 0 | BC91: H08031-JIM | BF91: S0360902
A92: W0681000 | B92: 10000 | C92: 10000 | D92: 45723 | E92: 502LAUGH | F92: 8:31:53 am | G92: 5011623U5 | I92: 1 | J92: Yes | K92: 61 | L92: PM61 | M92: 1000 | P92: 45722 | R92: 6 | S92: 6000 | T92: PE | U92: 260-6314-000001 | V92: 0 | W92: 6000 | X92: 0 | Y92: 0 | Z92: 0 | AA92: 0 | AD92: 0 | AM92: 260-6314-00 | AN92: J10025 | AP92: 0 | AQ92: 0 | AR92: 0 | AS92: 0 | AT92: 0 | AU92: 0 | AY92: No | AZ92: W662675 | BA92: 0 | BC92: J10025 | BF92: S0360904
A93: W0681001 | B93: 10000 | C93: 10000 | D93: 45722 | E93: 502LAUGH | F93: 4:19:43 pm | G93: 5011623U5 | I93: 1 | J93: Yes | K93: 61 | L93: PM61 | M93: 667 | P93: 45722 | R93: 6 | S93: 4002 | T93: PE | U93: 260-6316-000001 | V93: 0 | W93: 4000 | X93: 2 | Y93: 0 | Z93: 0 | AA93: 0 | AD93: 0 | AM93: 260-6316-00 | AN93: J10025 | AP93: 0 | AQ93: 0 | AR93: 0 | AS93: 0 | AT93: 0 | AU93: 0 | AY93: No | AZ93: W662676 | BA93: 0 | BC93: J10025 | BF93: S0360904
A94: W0681002 | B94: 10000 | C94: 10000 | D94: 45722 | E94: 502LAUGH | F94: 2:06:54 pm | G94: 5011623U5 | I94: 1 | J94: Yes | K94: 61 | L94: PM61 | M94: 667 | P94: 45722 | R94: 6 | S94: 4002 | T94: PE | U94: 260-6317-000001 | V94: 0 | W94: 4000 | X94: 2 | Y94: 0 | Z94: 0 | AA94: 0 | AD94: 0 | AM94: 260-6317-00 | AN94: J10025 | AP94: 0 | AQ94: 0 | AR94: 0 | AS94: 0 | AT94: 0 | AU94: 0 | AY94: No | AZ94: W662677 | BA94: 0 | BC94: J10025 | BF94: S0360904
A95: W0681017 | B95: 10000 | C95: 10000 | D95: 45723 | E95: 502LAUGH | F95: 0.53376157 | G95: 5011623U5 | I95: 1 | J95: Yes | K95: 61 | L95: PM61 | M95: 3667 | P95: 45722 | R95: 6 | S95: 22002 | T95: PE | U95: 260-6314-000001 | V95: 0 | W95: 22000 | X95: 2 | Y95: 0 | Z95: 0 | AA95: 0 | AD95: 0 | AM95: 260-6314-00 | AN95: J10025 | AP95: 0 | AQ95: 0 | AR95: 0 | AS95: 0 | AT95: 0 | AU95: 0 | AY95: No | AZ95: W663054 | BA95: 0 | BC95: J10025 | BF95: S0360906
A96: W0681018 | B96: 10000 | C96: 10000 | D96: 45722 | E96: 502LAUGH | F96: 5:35:51 pm | G96: SG-5408830-01 | I96: 1 | J96: Yes | K96: 31 | L96: PS27 | M96: 500 | P96: 45722 | R96: 56 | S96: 28000 | T96: PE | U96: 3037-RFT11080001 | V96: 0 | W96: 28000 | X96: 0 | Y96: 0 | Z96: 0 | AA96: 0 | AD96: 0 | AM96: 3037-RFT1108 | AN96: J10025 | AP96: 0 | AQ96: 0 | AR96: 0 | AS96: 0 | AT96: 0 | AU96: 0 | AY96: No | AZ96: W662686 | BA96: 0 | BC96: J10025 | BF96: S0360907
A97: W0681019 | B97: 10000 | C97: 10000 | D97: 45723 | E97: 502LAUGH | F97: 8:41:28 am | G97: 10620258026 | I97: 1 | J97: Yes | K97: 79 | L97: PM16 | M97: 682 | P97: 45722 | R97: 660 | S97: 450120 | T97: PE | U97: X4E75-80015-FT0001 | V97: 0 | W97: 400000 | X97: 50120 | Y97: 0 | Z97: 0 | AA97: 0 | AD97: 0 | AM97: X4E75-80015-FT | AN97: H08031-JIM-M | AP97: 0 | AQ97: 0 | AR97: 0 | AS97: 0 | AT97: 0 | AU97: 0 | AY97: No | AZ97: W663623 | BA97: 0 | BC97: H08031-JIM-M | BF97: S0360908
A98: W0681019 | B98: 10000 | C98: 20000 | D98: 45723 | E98: 502LAUGH | F98: 8:41:28 am | G98: 10620258026 | I98: 2 | J98: Yes | K98: 77 | L98: PM74 | M98: 2445 | P98: 45722 | R98: 180 | S98: 440100 | T98: PE | U98: X4E75-80015-FT0001 | V98: 0 | W98: 400000 | X98: 40100 | Y98: 0 | Z98: 0 | AA98: 0 | AD98: 0 | AM98: X4E75-80015-FT | AN98: H08031-JIM-M | AP98: 0 | AQ98: 0 | AR98: 0 | AS98: 0 | AT98: 0 | AU98: 0 | AY98: No | AZ98: W663623 | BA98: 0 | BC98: H08031-JIM-M | BF98: S0360908
A99: W0681021 | B99: 10000 | C99: 10000 | D99: 45723 | E99: 502LAUGH | F99: 8:40:37 am | G99: 10620258028 | I99: 1 | J99: Yes | K99: 79 | L99: PM16 | M99: 31 | P99: 45722 | R99: 660 | S99: 20460 | T99: PE | U99: 7FN99-80003-FT0001 | V99: 0 | W99: 10000 | X99: 10460 | Y99: 0 | Z99: 0 | AA99: 0 | AD99: 0 | AM99: 7FN99-80003-FT | AN99: H08031-JIM-M | AP99: 0 | AQ99: 0 | AR99: 0 | AS99: 0 | AT99: 0 | AU99: 0 | AY99: No | AZ99: W663625 | BA99: 0 | BC99: H08031-JIM-M | BF99: S0360910
A100: W0681021 | B100: 10000 | C100: 20000 | D100: 45723 | E100: 502LAUGH | F100: 8:40:37 am | G100: 10620258028 | I100: 2 | J100: Yes | K100: 77 | L100: PM74 | M100: 100 | P100: 45722 | R100: 180 | S100: 18000 | T100: PE | U100: 7FN99-80003-FT0001 | V100: 0 | W100: 10000 | X100: 8000 | Y100: 0 | Z100: 0 | AA100: 0 | AD100: 0 | AM100: 7FN99-80003-FT | AN100: H08031-JIM-M | AP100: 0 | AQ100: 0 | AR100: 0 | AS100: 0 | AT100: 0 | AU100: 0 | AY100: No | AZ100: W663625 | BA100: 0 | BC100: H08031-JIM-M | BF100: S0360910
A101: W0681026 | B101: 10000 | C101: 10000 | D101: 45723 | E101: 502LAUGH | F101: 8:39:32 am | G101: 10620258026 | I101: 1 | J101: Yes | K101: 79 | L101: PM16 | M101: 167 | P101: 45722 | R101: 66 | S101: 11022 | T101: PE | U101: 3YP17-80012-FT0001 | V101: 0 | W101: 80000 | X101: -68978 | Y101: 0 | Z101: 0 | AA101: 0 | AD101: 0 | AM101: 3YP17-80012-FT | AN101: H08031-JIM-M | AP101: 0 | AQ101: 0 | AR101: 0 | AS101: 0 | AT101: 0 | AU101: 0 | AY101: No | AZ101: W663629 | BA101: 0 | BC101: H08031-JIM-M | BF101: S0360915
...

Sheet 07-Mar
A1: Production Output
A2: Filter: Date Completed: 07/03/25
A4: Work Order No. | B4: Work Order Line No. | C4: WO Journal Line No. | D4: Add Date | E4: Add User | F4: Add Time | G4: Material Batch No. | H4: Die Cut | I4: Process No. | J4: Posted | K4: Machine Code | L4: Staff Code | M4: No. of Press | N4: Date Started | O4: Time Started | P4: Date Completed | Q4: Time Completed | R4: No. of Ups | S4: Printed Quantity | T4: Journal Type | U4: Item Code | V4: Quantity | W4: QC Approved Quantity | X4: Rejected Quantity | Y4: Roll | Z4: Length | AA4: Width | AB4: Length UOM | AC4: Width UOM | AD4: RM Quantity | AE4: Material Code | AF4: Variant Code | AG4: Request Delivery Date | AH4: Non QC Record | AI4: Link to Line No. | AJ4: Related | AK4: Expire Date | AL4: Label Remark | AM4: Customer Part Number | AN4: Customer Code | AO4: ddmm | AP4: Label Packing Quantity 1 | AQ4: Label Quantity 1 | AR4: Label Packing Quantity 2 | AS4: Label Quantity 2 | AT4: Label Packing Quantity 3 | AU4: Label Quantity 3 | AV4: UOM for Label Printing | AW4: QC Inspector | AX4: Summarised Period | AY4: Summarised | AZ4: Posted Work Order No. | BA4: Colour | BB4: Currency | BC4: Ref Customer | BD4: Group | BE4: PO | BF4: Source Doc. No.
A5: W0674897 | B5: 10000 | C5: 10000 | D5: 45723 | E5: 502LAUGH | F5: 5:12:30 pm | G5: U481252037 | I5: 1 | J5: Yes | K5: 61 | L5: PM68 | M5: 500 | P5: 45723 | R5: 1 | S5: 500 | T5: PE | U5: WA-WAT006277-70001 | V5: 0 | W5: 500 | X5: 0 | Y5: 0 | Z5: 0 | AA5: 0 | AD5: 0 | AM5: WA-WAT006277-7 | AN5: C03043 | AP5: 0 | AQ5: 0 | AR5: 0 | AS5: 0 | AT5: 0 | AU5: 0 | AY5: No | AZ5: W662406 | BA5: 0 | BC5: C03043 | BF5: S0352960
A6: W0677057 | B6: 20000 | C6: 20000 | D6: 45728 | E6: 502LAUGH | F6: 8:47:17 am | G6: 1000221/1000219/80116793/1012643/XHX24A13A0809/XHX2412190201 | I6: 1 | J6: Yes | K6: 103 | L6: PM23 | M6: 61875 | P6: 45723 | R6: 8 | S6: 495000 | T6: PE | U6: MT273730001 | V6: 0 | W6: 495000 | X6: 0 | Y6: 0 | Z6: 0 | AA6: 0 | AD6: 0 | AM6: MT27373 | AN6: Z26002 | AP6: 0 | AQ6: 0 | AR6: 0 | AS6: 0 | AT6: 0 | AU6: 0 | AY6: No | AZ6: W662937 | BA6: 0 | BC6: Z26002 | BF6: S0355389
A7: W0677756 | B7: 10000 | C7: 10000 | D7: 45729 | E7: 502LAUGH | F7: 5:49:29 pm | G7: J00T40070/J00WA6671 | I7: 1 | J7: Yes | K7: 111 | L7: PM46 | M7: 43500 | P7: 45723 | R7: 10 | S7: 435000 | T7: PE | U7: Z512-M0001 | V7: 0 | W7: 435000 | X7: 0 | Y7: 0 | Z7: 0 | AA7: 0 | AD7: 0 | AM7: Z512-M | AN7: R18131-MEIBAN MICRO | AP7: 0 | AQ7: 0 | AR7: 0 | AS7: 0 | AT7: 0 | AU7: 0 | AY7: No | AZ7: W662942 | BA7: 0 | BC7: R18131-MEIBAN MICRO | BF7: S0356568
A8: W0678888 | B8: 10000 | C8: 10000 | D8: 45727 | E8: 502LAUGH | F8: 8:45:01 am | G8: U522658026 | I8: 1 | J8: Yes | K8: 65 | L8: PMJ7 | M8: 32000 | P8: 45723 | R8: 1 | S8: 32000 | T8: PE | U8: NSI-0020001 | V8: 0 | W8: 34000 | X8: -2000 | Y8: 0 | Z8: 0 | AA8: 0 | AD8: 0 | AM8: NSI-002 | AN8: T20198 | AP8: 0 | AQ8: 0 | AR8: 0 | AS8: 0 | AT8: 0 | AU8: 0 | AY8: No | AZ8: W662953 | BA8: 0 | BC8: T20198 | BF8: S0357648
A9: W0679329 | B9: 10000 | C9: 30000 | D9: 45723 | E9: 502LAUGH | F9: 5:10:40 pm | G9: 10639931093/10639931095 | I9: 3 | J9: Yes | K9: 85 | L9: QM78 | M9: 16000 | P9: 45723 | R9: 11 | S9: 176000 | T9: PE | U9: 3JB27-800010001 | V9: 0 | W9: 160000 | X9: 16000 | Y9: 0 | Z9: 0 | AA9: 0 | AD9: 0 | AM9: 3JB27-80001 | AN9: H08031-JIM-M | AP9: 0 | AQ9: 0 | AR9: 0 | AS9: 0 | AT9: 0 | AU9: 0 | AY9: No | AZ9: W662493 | BA9: 0 | BC9: H08031-JIM-M | BF9: S0358006
A10: W0679355 | B10: 10000 | C10: 20000 | D10: 45723 | E10: 502LAUGH | F10: 2:47:17 pm | G10: 10639931096/10639931093 | I10: 2 | J10: Yes | K10: 77 | L10: PM74 | M10: 3955 | P10: 45723 | R10: 88 | S10: 348040 | T10: PE | U10: B7RT7-80001-FT0001 | V10: 0 | W10: 320000 | X10: 28040 | Y10: 0 | Z10: 0 | AA10: 0 | AD10: 0 | AM10: B7RT7-80001-FT | AN10: H08031-JIM-M | AP10: 0 | AQ10: 0 | AR10: 0 | AS10: 0 | AT10: 0 | AU10: 0 | AY10: No | AZ10: W662498 | BA10: 0 | BC10: H08031-JIM-M | BF10: S0358092
